-- phpMyAdmin SQL Dump
-- version 5.2.1
-- https://www.phpmyadmin.net/
--
-- Gép: 127.0.0.1
-- Létrehozás ideje: 2025. Feb 03. 10:14
-- Kiszolgáló verziója: 10.4.32-MariaDB
-- PHP verzió: 8.0.30

SET SQL_MODE = "NO_AUTO_VALUE_ON_ZERO";
START TRANSACTION;
SET time_zone = "+00:00";


/*!40101 SET @OLD_CHARACTER_SET_CLIENT=@@CHARACTER_SET_CLIENT */;
/*!40101 SET @OLD_CHARACTER_SET_RESULTS=@@CHARACTER_SET_RESULTS */;
/*!40101 SET @OLD_COLLATION_CONNECTION=@@COLLATION_CONNECTION */;
/*!40101 SET NAMES utf8mb4 */;

--
-- Adatbázis: `ingatlanberlesiplatform`
--

-- --------------------------------------------------------

--
-- Tábla szerkezet ehhez a táblához `felhasznalok`
--

CREATE TABLE `felhasznalok` (
  `Id` int(11) NOT NULL,
  `LoginNev` varchar(16) NOT NULL,
  `HASH` varchar(64) NOT NULL,
  `SALT` varchar(64) NOT NULL,
  `Name` varchar(64) NOT NULL,
  `PermissionId` int(11) NOT NULL,
  `Active` tinyint(1) NOT NULL,
  `Email` varchar(64) NOT NULL,
  `ProfilePicturePath` varchar(64) NOT NULL
) ENGINE=InnoDB DEFAULT CHARSET=utf8mb4 COLLATE=utf8mb4_hungarian_ci;

--
-- A tábla adatainak kiíratása `felhasznalok`
--

INSERT INTO `felhasznalok` (`Id`, `LoginNev`, `HASH`, `SALT`, `Name`, `PermissionId`, `Active`, `Email`, `ProfilePicturePath`) VALUES
(23, 'user1', '5baa61e4c9b93f3f0682250b6cf8331b7ee68fd8', 'salt1', 'User One', 2, 1, 'user1@example.com', 'profile1.jpg'),
(24, 'user2', '6dcd4ce23d88e2ee9568ba546c007c63b2992cc9', 'salt2', 'User Two', 2, 1, 'user2@example.com', 'profile2.jpg'),
(25, 'user3', 'd2d2d2d2c8d37c7a8fb319f9057f8977d9233a29', 'salt3', 'User Three', 2, 1, 'user3@example.com', 'profile3.jpg'),
(26, 'user4', 'd41d8cd98f00b204e9800998ecf8427e', 'salt4', 'User Four', 2, 1, 'user4@example.com', 'profile4.jpg'),
(27, 'user5', '98f13708210194c475687be6106a3b84c7f3d0f2', 'salt5', 'User Five', 2, 1, 'user5@example.com', 'profile5.jpg'),
(28, 'user6', 'd3b07384d113edec49eaa6238ad5ff00', 'salt6', 'User Six', 2, 1, 'user6@example.com', 'profile6.jpg'),
(29, 'user7', 'e2fc714c4727ee9395f324cd2e7b1692', 'salt7', 'User Seven', 2, 1, 'user7@example.com', 'profile7.jpg'),
(30, 'user8', '0cc175b9c0f1b6a831c399e269772661', 'salt8', 'User Eight', 2, 1, 'user8@example.com', 'profile8.jpg'),
(31, 'user9', 'c81e728d9d4c2f636f067f89cc14862c5', 'salt9', 'User Nine', 2, 1, 'user9@example.com', 'profile9.jpg'),
(32, 'user10', 'eccbc87e4b5ce2fe28308fd9f2a7baf3', 'salt10', 'User Ten', 2, 1, 'user10@example.com', 'profile10.jpg'),
(33, 'user11', 'a87ff679a2f3e71d9181a67b7542122c', 'salt11', 'User Eleven', 2, 1, 'user11@example.com', 'profile11.jpg'),
(34, 'user12', 'e1dbdfd1f1c1ed70e8766cc0f3951db3', 'salt12', 'User Twelve', 2, 1, 'user12@example.com', 'profile12.jpg'),
(35, 'user13', 'de41e3e7ed2df91b7779d77823477909', 'salt13', 'User Thirteen', 2, 1, 'user13@example.com', 'profile13.jpg'),
(36, 'user14', 'b64a09c85b1fc75b467774b947f4a9de', 'salt14', 'User Fourteen', 2, 1, 'user14@example.com', 'profile14.jpg'),
(37, 'user15', '1f3870be274f6c49b3e31a0c6728957f', 'salt15', 'User Fifteen', 2, 1, 'user15@example.com', 'profile15.jpg'),
(38, 'user16', '2f1c8cb9d8039e736ef2d36a8b6ad80c', 'salt16', 'User Sixteen', 2, 1, 'user16@example.com', 'profile16.jpg'),
(39, 'user17', '24b3f679d3c57fa2e8e24c2fe6c0109b', 'salt17', 'User Seventeen', 2, 1, 'user17@example.com', 'profile17.jpg'),
(40, 'user18', '3e03f66538a370a234992233f6980a92', 'salt18', 'User Eighteen', 2, 1, 'user18@example.com', 'profile18.jpg'),
(41, 'user19', '45b63b9fe4429d213fd98446a1be4b33', 'salt19', 'User Nineteen', 2, 1, 'user19@example.com', 'profile19.jpg'),
(42, 'user20', 'b4c7f0a3f5c848b8d0178f6b7f8b9932', 'salt20', 'User Twenty', 2, 1, 'user20@example.com', 'profile20.jpg'),
(43, 'user21', 'e4789b2d8b1a7e74bc812e55f62ac0e4', 'salt21', 'User Twenty-One', 2, 1, 'user21@example.com', 'profile21.jpg'),
(44, 'user22', '6c6cfc57c70a212ba9462670cf9fe5f3', 'salt22', 'User Twenty-Two', 2, 1, 'user22@example.com', 'profile22.jpg'),
(45, 'user23', 'f38cc25b9235e4644b97b8ac7d303731', 'salt23', 'User Twenty-Three', 2, 1, 'user23@example.com', 'profile23.jpg'),
(46, 'user24', '5e5cbb90663d4d6a1e387f75ed89c4bb', 'salt24', 'User Twenty-Four', 2, 1, 'user24@example.com', 'profile24.jpg'),
(47, 'user25', '4109a5d6c38f46c5b67a65ec9cc9c46a', 'salt25', 'User Twenty-Five', 2, 1, 'user25@example.com', 'profile25.jpg'),
(48, 'user26', 'b9bdb21e1747b2fdf049f8699998c404', 'salt26', 'User Twenty-Six', 2, 1, 'user26@example.com', 'profile26.jpg'),
(49, 'user27', '9b73f1ccead6a94fae467cc12463be7d', 'salt27', 'User Twenty-Seven', 2, 1, 'user27@example.com', 'profile27.jpg'),
(50, 'user28', 'd6096e3202f3f15813e2d5e9d0406a1e', 'salt28', 'User Twenty-Eight', 2, 1, 'user28@example.com', 'profile28.jpg'),
(51, 'user29', 'a528402ef6b9b2d3c9359d063d10751f', 'salt29', 'User Twenty-Nine', 2, 1, 'user29@example.com', 'profile29.jpg'),
(52, 'user30', 'da4b9237bacccdf19c0760cab7aec4a4', 'salt30', 'User Thirty', 2, 1, 'user30@example.com', 'profile30.jpg'),
(53, 'user31', 'f1e29b14c7a49b76b4dbce1182553e09', 'salt31', 'User Thirty-One', 2, 1, 'user31@example.com', 'profile31.jpg'),
(54, 'user32', 'af60fdc64a74e89aab6787b45f960902', 'salt32', 'User Thirty-Two', 2, 1, 'user32@example.com', 'profile32.jpg'),
(55, 'user33', 'b96e599c46e5cb938b08dba1b564b2c3', 'salt33', 'User Thirty-Three', 2, 1, 'user33@example.com', 'profile33.jpg'),
(56, 'user34', '9f91ff5b4ec0cb2e9a99b051a5cfb7f6', 'salt34', 'User Thirty-Four', 2, 1, 'user34@example.com', 'profile34.jpg'),
(57, 'user35', '23f4501d215d7a7fd800d24c5b21217a', 'salt35', 'User Thirty-Five', 2, 1, 'user35@example.com', 'profile35.jpg'),
(58, 'user36', 'e87c2a5e8f5a28876f629e6248b7ffdc', 'salt36', 'User Thirty-Six', 2, 1, 'user36@example.com', 'profile36.jpg'),
(59, 'user37', '0f65d77865ccfe6eaa12b59c2400d362', 'salt37', 'User Thirty-Seven', 2, 1, 'user37@example.com', 'profile37.jpg'),
(60, 'user38', '56fe4a2d384a220948d86b29c8b2a074', 'salt38', 'User Thirty-Eight', 2, 1, 'user38@example.com', 'profile38.jpg'),
(61, 'user39', 'b4f1b9ccba12907fd1042b8d5a885590', 'salt39', 'User Thirty-Nine', 2, 1, 'user39@example.com', 'profile39.jpg'),
(62, 'user40', '497e4bbf0fe68e10fd3b5b157e49f327', 'salt40', 'User Forty', 2, 1, 'user40@example.com', 'profile40.jpg'),
(63, 'user41', 'd3494b76be46d2bb0561fa6faee6a1a7', 'salt41', 'User Forty-One', 2, 1, 'user41@example.com', 'profile41.jpg'),
(64, 'user42', '581b21edb28a77cd5a2049cc29b25492', 'salt42', 'User Forty-Two', 2, 1, 'user42@example.com', 'profile42.jpg'),
(65, 'user43', 'e71f6fa45b30069d84c11eb0e1735a5a', 'salt43', 'User Forty-Three', 2, 1, 'user43@example.com', 'profile43.jpg'),
(66, 'user44', 'f98339ed5ffbe42c0bb9fffa7a233759', 'salt44', 'User Forty-Four', 2, 1, 'user44@example.com', 'profile44.jpg'),
(67, 'user45', '258b3cd0a3f020eb58dbff58eaa2a4b2', 'salt45', 'User Forty-Five', 2, 1, 'user45@example.com', 'profile45.jpg'),
(68, 'user46', 'caa74e16db5f227394d4ff2bcf8f0e5f', 'salt46', 'User Forty-Six', 2, 1, 'user46@example.com', 'profile46.jpg'),
(69, 'user47', 'b2796351c334d1a3ff3884bb83bb6093', 'salt47', 'User Forty-Seven', 2, 1, 'user47@example.com', 'profile47.jpg'),
(70, 'user48', '1b02d7c213ff6e9b9826a4055e06fc31', 'salt48', 'User Forty-Eight', 2, 1, 'user48@example.com', 'profile48.jpg'),
(71, 'user49', 'da9c90857d79b1a99bc6e83de488312f', 'salt49', 'User Forty-Nine', 2, 1, 'user49@example.com', 'profile49.jpg'),
(72, 'user50', '58287efbe35a75202d65ca1701b85517', 'salt50', 'User Fifty', 2, 1, 'user50@example.com', 'profile50.jpg'),
(73, 'user51', '0e7d913618c941e9b17c4c80cc9066f2', 'salt51', 'User Fifty-One', 2, 1, 'user51@example.com', 'profile51.jpg'),
(74, 'user52', 'b5046c576098a56be0eaf7b629be467b', 'salt52', 'User Fifty-Two', 2, 1, 'user52@example.com', 'profile52.jpg'),
(75, 'user53', 'cb3205d0410eac66cf35b50915c12ff5', 'salt53', 'User Fifty-Three', 2, 1, 'user53@example.com', 'profile53.jpg'),
(76, 'user54', 'd347f2fd28c6ad7b8b0cd85f62a9e35d', 'salt54', 'User Fifty-Four', 2, 1, 'user54@example.com', 'profile54.jpg'),
(77, 'user55', 'e16a357a149f7f5746e59ffeb768b167', 'salt55', 'User Fifty-Five', 2, 1, 'user55@example.com', 'profile55.jpg'),
(78, 'user56', '5b58b6c89ebd07f0d9d465f1fda9e4c1', 'salt56', 'User Fifty-Six', 2, 1, 'user56@example.com', 'profile56.jpg'),
(79, 'user57', '94b071b6b0f179d7130b9a7b0f8c9a61', 'salt57', 'User Fifty-Seven', 2, 1, 'user57@example.com', 'profile57.jpg'),
(80, 'user58', 'd76b4f5613f83b088438963a803aa0a4', 'salt58', 'User Fifty-Eight', 2, 1, 'user58@example.com', 'profile58.jpg'),
(81, 'user59', '73197b94b140f16cd7810e7b3d283a2b', 'salt59', 'User Fifty-Nine', 2, 1, 'user59@example.com', 'profile59.jpg'),
(82, 'user60', '54b13c7e5d9c6e8e3d72ab9f63e8bb96', 'salt60', 'User Sixty', 2, 1, 'user60@example.com', 'profile60.jpg'),
(83, 'user61', '6e49a746ab7457f8f396eb0cc9cfa520', 'salt61', 'User Sixty-One', 2, 1, 'user61@example.com', 'profile61.jpg'),
(84, 'user62', 'c742d66b7a2201f1588c60f1b0baf890', 'salt62', 'User Sixty-Two', 2, 1, 'user62@example.com', 'profile62.jpg'),
(85, 'user63', 'c75f8f547a636b9b17ed0fc746712935', 'salt63', 'User Sixty-Three', 2, 1, 'user63@example.com', 'profile63.jpg'),
(86, 'user64', '49d55ab98f956cc493d6c67d381f7dbf', 'salt64', 'User Sixty-Four', 2, 1, 'user64@example.com', 'profile64.jpg'),
(87, 'user65', '2e0b4e9116d1a8f9ec7ca7fdb07a5a25', 'salt65', 'User Sixty-Five', 2, 1, 'user65@example.com', 'profile65.jpg'),
(88, 'user66', '8be7a9b5e71058965870e69cdab0b32a', 'salt66', 'User Sixty-Six', 2, 1, 'user66@example.com', 'profile66.jpg'),
(89, 'user67', '1b10c6875ad70c90f9cf074a58b939fc', 'salt67', 'User Sixty-Seven', 2, 1, 'user67@example.com', 'profile67.jpg'),
(90, 'user68', '4abcbdd804f0467354b2067ad2c5442e', 'salt68', 'User Sixty-Eight', 2, 1, 'user68@example.com', 'profile68.jpg'),
(91, 'user69', 'ad6ff191d23c7411ad0d51d64d9b519e', 'salt69', 'User Sixty-Nine', 2, 1, 'user69@example.com', 'profile69.jpg'),
(92, 'user70', '52c1b8460eb05a694a0ff50d33490392', 'salt70', 'User Seventy', 2, 1, 'user70@example.com', 'profile70.jpg'),
(93, 'user71', '6ebac8f9b8fe9f729d9e4b85de2a3974', 'salt71', 'User Seventy-One', 2, 1, 'user71@example.com', 'profile71.jpg'),
(94, 'user72', '2f5b7f8c3b0b7ca0e390d35840d2d118', 'salt72', 'User Seventy-Two', 2, 1, 'user72@example.com', 'profile72.jpg'),
(95, 'user73', '786c9c8ad835f98d922b88b9ff2182f0', 'salt73', 'User Seventy-Three', 2, 1, 'user73@example.com', 'profile73.jpg'),
(96, 'user74', '9cd3308ed8245cb7e53f40e264b42e1e', 'salt74', 'User Seventy-Four', 2, 1, 'user74@example.com', 'profile74.jpg'),
(97, 'user75', '232cbfc4baedb870d8e5990b8ab544eb', 'salt75', 'User Seventy-Five', 2, 1, 'user75@example.com', 'profile75.jpg'),
(98, 'user76', 'd6b71fbe2091c8b52f00b32db51ff041', 'salt76', 'User Seventy-Six', 2, 1, 'user76@example.com', 'profile76.jpg'),
(99, 'user77', '2dbed8d40d25b5a7a23ed8e529139469', 'salt77', 'User Seventy-Seven', 2, 1, 'user77@example.com', 'profile77.jpg'),
(100, 'user78', '346b5b18a9e8be14f6f8b9ca44015645', 'salt78', 'User Seventy-Eight', 2, 1, 'user78@example.com', 'profile78.jpg'),
(101, 'user79', '12b9db92e1dbab5d7b5bc2b4f3a37c62', 'salt79', 'User Seventy-Nine', 2, 1, 'user79@example.com', 'profile79.jpg'),
(102, 'user80', 'b8a98e4f9a93775c6d1b09f89a15a0b8', 'salt80', 'User Eighty', 2, 1, 'user80@example.com', 'profile80.jpg'),
(103, 'user81', 'e7f539e6b121d559d941b3505ef357d5', 'salt81', 'User Eighty-One', 2, 1, 'user81@example.com', 'profile81.jpg'),
(104, 'user82', 'b0ec17fbed76b79d5367f1c710d3d5b2', 'salt82', 'User Eighty-Two', 2, 1, 'user82@example.com', 'profile82.jpg'),
(105, 'user83', 'be43d274c6b907a15c6f5c35f6b7e1bb', 'salt83', 'User Eighty-Three', 2, 1, 'user83@example.com', 'profile83.jpg'),
(106, 'user84', '23b9b1e06b9ae8d2cf72ec1c3e3c68c7', 'salt84', 'User Eighty-Four', 2, 1, 'user84@example.com', 'profile84.jpg'),
(107, 'user85', 'a9436d01da3a410dc05e3cf5f7d5a0a3', 'salt85', 'User Eighty-Five', 2, 1, 'user85@example.com', 'profile85.jpg'),
(108, 'user86', '59a621ed2f9b736592fa8f3a9a975c80', 'salt86', 'User Eighty-Six', 2, 1, 'user86@example.com', 'profile86.jpg'),
(109, 'user87', 'e23e5cf63cbe45b87be67c57801d3284', 'salt87', 'User Eighty-Seven', 2, 1, 'user87@example.com', 'profile87.jpg'),
(110, 'user88', '67a2ab115d8e91cd0e139342f86a88ad', 'salt88', 'User Eighty-Eight', 2, 1, 'user88@example.com', 'profile88.jpg'),
(111, 'user89', '235bb8be5cc775f58de948657cd549ae', 'salt89', 'User Eighty-Nine', 2, 1, 'user89@example.com', 'profile89.jpg'),
(112, 'user90', '7b465d9451f125e1898b8db2a9b3733d', 'salt90', 'User Ninety', 2, 1, 'user90@example.com', 'profile90.jpg'),
(113, 'user91', '986a04c1b0800c3eeb2702fefda0e5b8', 'salt91', 'User Ninety-One', 2, 1, 'user91@example.com', 'profile91.jpg'),
(114, 'user92', '65c69473f61b2379e8b647a6e7b4d11f', 'salt92', 'User Ninety-Two', 2, 1, 'user92@example.com', 'profile92.jpg'),
(115, 'user93', '8a7b6509ab4a96b7f99699c26f0634b9', 'salt93', 'User Ninety-Three', 2, 1, 'user93@example.com', 'profile93.jpg'),
(116, 'user94', '409e3d24f57c2d98c1c1b72d8312d607', 'salt94', 'User Ninety-Four', 2, 1, 'user94@example.com', 'profile94.jpg'),
(117, 'user95', '5d4cdd4b41e2f42ab6741c2fe9a5f0a4', 'salt95', 'User Ninety-Five', 2, 1, 'user95@example.com', 'profile95.jpg'),
(118, 'user96', 'db383a6432b6d22d6990516701c2f6f7', 'salt96', 'User Ninety-Six', 2, 1, 'user96@example.com', 'profile96.jpg'),
(119, 'user97', '5292c68b5109e6d970c197ba4a7b7b65', 'salt97', 'User Ninety-Seven', 2, 1, 'user97@example.com', 'profile97.jpg'),
(120, 'user98', '2bb2a65e3ecfc70c022e9249fdde7b3e', 'salt98', 'User Ninety-Eight', 2, 1, 'user98@example.com', 'profile98.jpg'),
(121, 'user99', '75895375dbd5fd0fe4b70343678c6f87', 'salt99', 'User Ninety-Nine', 2, 1, 'user99@example.com', 'profile99.jpg'),
(122, 'user100', '9f86d081884c7d659a2feaa0d3b073b8', 'salt100', 'User One Hundred', 2, 1, 'user100@example.com', 'profile100.jpg');

-- --------------------------------------------------------

--
-- Tábla szerkezet ehhez a táblához `foglalasok`
--

CREATE TABLE `foglalasok` (
  `foglalas_id` int(11) NOT NULL,
  `ingatlan_id` int(11) NOT NULL,
  `berlo_id` int(11) NOT NULL,
  `kezdes_datum` date NOT NULL,
  `befejezes_datum` date NOT NULL,
  `allapot` enum('függőben','elfogadva','elutasítva') DEFAULT 'függőben',
  `letrehozas_datum` timestamp NOT NULL DEFAULT current_timestamp()
) ENGINE=InnoDB DEFAULT CHARSET=utf8 COLLATE=utf8_hungarian_ci;

--
-- A tábla adatainak kiíratása `foglalasok`
--

INSERT INTO `foglalasok` (`foglalas_id`, `ingatlan_id`, `berlo_id`, `kezdes_datum`, `befejezes_datum`, `allapot`, `letrehozas_datum`) VALUES
(303, 41, 23, '2025-01-05', '2025-01-10', 'függőben', '2025-01-01 09:00:00'),
(304, 42, 24, '2025-01-15', '2025-01-20', 'elfogadva', '2025-01-01 09:05:00'),
(305, 43, 25, '2025-02-01', '2025-02-07', 'elfogadva', '2025-01-02 11:00:00'),
(306, 44, 26, '2025-03-10', '2025-03-15', 'függőben', '2025-01-03 08:30:00'),
(307, 45, 27, '2025-04-01', '2025-04-10', 'elutasítva', '2025-01-04 14:45:00'),
(308, 46, 28, '2025-02-10', '2025-02-15', 'függőben', '2025-01-05 12:00:00'),
(309, 47, 29, '2025-03-25', '2025-03-30', 'elfogadva', '2025-01-06 10:20:00'),
(310, 48, 30, '2025-04-20', '2025-04-25', 'elutasítva', '2025-01-07 07:50:00'),
(311, 49, 31, '2025-05-05', '2025-05-10', 'függőben', '2025-01-08 15:10:00'),
(312, 50, 32, '2025-06-15', '2025-06-20', 'elfogadva', '2025-01-09 09:30:00'),
(313, 51, 33, '2025-07-10', '2025-07-15', 'függőben', '2025-01-10 11:00:00'),
(314, 52, 34, '2025-08-01', '2025-08-05', 'elutasítva', '2025-01-11 08:40:00'),
(315, 53, 35, '2025-09-10', '2025-09-15', 'elfogadva', '2025-01-12 09:15:00'),
(316, 54, 36, '2025-10-01', '2025-10-05', 'függőben', '2025-01-13 10:25:00'),
(317, 55, 37, '2025-11-10', '2025-11-15', 'elutasítva', '2025-01-14 13:00:00'),
(318, 56, 38, '2025-12-01', '2025-12-05', 'függőben', '2025-01-15 14:50:00'),
(319, 57, 39, '2025-01-01', '2025-01-07', 'elfogadva', '2025-01-16 09:25:00'),
(320, 58, 40, '2025-02-15', '2025-02-20', 'elutasítva', '2025-01-17 08:15:00'),
(321, 59, 41, '2025-03-05', '2025-03-10', 'elfogadva', '2025-01-18 09:05:00'),
(322, 60, 42, '2025-04-20', '2025-04-25', 'függőben', '2025-01-19 10:40:00'),
(323, 61, 43, '2025-05-01', '2025-05-10', 'elutasítva', '2025-01-20 07:30:00'),
(324, 62, 44, '2025-06-10', '2025-06-15', 'elfogadva', '2025-01-21 13:10:00'),
(325, 63, 45, '2025-07-15', '2025-07-20', 'függőben', '2025-01-22 11:50:00'),
(326, 64, 46, '2025-08-05', '2025-08-10', 'elfogadva', '2025-01-23 08:20:00'),
(327, 65, 47, '2025-09-20', '2025-09-25', 'függőben', '2025-01-24 09:45:00'),
(328, 66, 48, '2025-10-10', '2025-10-15', 'elutasítva', '2025-01-25 11:30:00'),
(329, 67, 49, '2025-11-05', '2025-11-10', 'elfogadva', '2025-01-26 12:50:00'),
(330, 68, 50, '2025-12-10', '2025-12-15', 'függőben', '2025-01-27 07:00:00'),
(331, 69, 51, '2025-01-10', '2025-01-15', 'elfogadva', '2025-01-28 08:25:00'),
(332, 70, 52, '2025-02-20', '2025-02-25', 'elutasítva', '2025-01-29 09:15:00'),
(333, 71, 53, '2025-03-05', '2025-03-10', 'függőben', '2025-01-30 10:35:00'),
(334, 72, 54, '2025-04-25', '2025-04-30', 'elfogadva', '2025-01-31 13:50:00'),
(335, 73, 55, '2025-05-20', '2025-05-25', 'függőben', '2025-02-01 09:10:00'),
(336, 74, 56, '2025-06-01', '2025-06-05', 'elutasítva', '2025-02-02 12:00:00'),
(337, 75, 57, '2025-07-15', '2025-07-20', 'elfogadva', '2025-02-03 07:30:00'),
(338, 76, 58, '2025-08-10', '2025-08-15', 'függőben', '2025-02-04 08:50:00'),
(339, 77, 59, '2025-09-25', '2025-09-30', 'elutasítva', '2025-02-05 10:15:00'),
(340, 78, 60, '2025-10-05', '2025-10-10', 'elfogadva', '2025-02-06 11:40:00'),
(341, 79, 61, '2025-11-15', '2025-11-20', 'függőben', '2025-02-07 07:10:00'),
(342, 80, 62, '2025-12-01', '2025-12-05', 'elutasítva', '2025-02-08 09:45:00'),
(343, 81, 63, '2025-01-20', '2025-01-25', 'elfogadva', '2025-02-09 08:05:00'),
(344, 82, 64, '2025-02-15', '2025-02-20', 'függőben', '2025-02-10 09:15:00'),
(345, 83, 65, '2025-03-10', '2025-03-15', 'elutasítva', '2025-02-11 11:25:00'),
(346, 84, 66, '2025-04-05', '2025-04-10', 'elfogadva', '2025-02-12 13:35:00'),
(347, 85, 67, '2025-05-20', '2025-05-25', 'függőben', '2025-02-13 08:45:00'),
(348, 86, 68, '2025-06-10', '2025-06-15', 'elutasítva', '2025-02-14 10:30:00'),
(349, 87, 69, '2025-07-01', '2025-07-05', 'elfogadva', '2025-02-15 11:10:00'),
(350, 88, 70, '2025-08-10', '2025-08-15', 'függőben', '2025-02-16 08:20:00'),
(351, 89, 71, '2025-09-20', '2025-09-25', 'elutasítva', '2025-02-17 07:50:00'),
(352, 90, 72, '2025-10-10', '2025-10-15', 'elfogadva', '2025-02-18 09:00:00'),
(353, 91, 73, '2025-11-25', '2025-11-30', 'függőben', '2025-02-19 11:30:00'),
(354, 92, 74, '2025-12-05', '2025-12-10', 'elutasítva', '2025-02-20 12:40:00'),
(355, 93, 75, '2025-01-01', '2025-01-05', 'elfogadva', '2025-02-21 13:50:00'),
(356, 94, 76, '2025-02-20', '2025-02-25', 'függőben', '2025-02-22 07:30:00'),
(357, 95, 77, '2025-03-10', '2025-03-15', 'elutasítva', '2025-02-23 08:40:00'),
(358, 96, 78, '2025-04-15', '2025-04-20', 'elfogadva', '2025-02-24 09:50:00'),
(359, 97, 79, '2025-05-25', '2025-05-30', 'függőben', '2025-02-25 11:00:00'),
(360, 98, 80, '2025-06-05', '2025-06-10', 'elutasítva', '2025-02-26 12:10:00'),
(361, 99, 81, '2025-07-01', '2025-07-05', 'elfogadva', '2025-02-27 13:20:00'),
(362, 100, 82, '2025-08-15', '2025-08-20', 'függőben', '2025-02-28 08:30:00'),
(363, 101, 83, '2025-09-10', '2025-09-15', 'elutasítva', '2025-03-01 09:00:00'),
(364, 102, 84, '2025-10-25', '2025-10-30', 'elfogadva', '2025-03-02 11:10:00'),
(365, 103, 85, '2025-11-15', '2025-11-20', 'függőben', '2025-03-03 10:20:00'),
(366, 104, 86, '2025-12-05', '2025-12-10', 'elutasítva', '2025-03-04 08:40:00'),
(367, 105, 87, '2025-01-25', '2025-01-30', 'elfogadva', '2025-03-05 09:50:00'),
(368, 106, 88, '2025-02-05', '2025-02-10', 'függőben', '2025-03-06 11:00:00'),
(369, 107, 89, '2025-03-20', '2025-03-25', 'elutasítva', '2025-03-07 08:10:00'),
(370, 108, 90, '2025-04-10', '2025-04-15', 'elfogadva', '2025-03-08 10:40:00'),
(371, 109, 91, '2025-05-05', '2025-05-10', 'függőben', '2025-03-09 13:20:00'),
(372, 110, 92, '2025-06-15', '2025-06-20', 'elutasítva', '2025-03-10 12:30:00'),
(373, 111, 93, '2025-07-10', '2025-07-15', 'elfogadva', '2025-03-11 08:40:00'),
(374, 112, 94, '2025-08-25', '2025-08-30', 'függőben', '2025-03-12 11:00:00'),
(375, 113, 95, '2025-09-10', '2025-09-15', 'elutasítva', '2025-03-13 09:10:00'),
(376, 114, 96, '2025-10-01', '2025-10-05', 'elfogadva', '2025-03-14 12:20:00'),
(377, 115, 97, '2025-11-10', '2025-11-15', 'függőben', '2025-03-15 13:30:00'),
(378, 116, 98, '2025-12-20', '2025-12-25', 'elutasítva', '2025-03-16 11:40:00'),
(379, 117, 99, '2025-01-30', '2025-02-04', 'elfogadva', '2025-03-17 09:50:00'),
(380, 118, 100, '2025-02-25', '2025-03-02', 'függőben', '2025-03-18 11:00:00'),
(381, 119, 101, '2025-03-15', '2025-03-20', 'elutasítva', '2025-03-19 12:10:00'),
(382, 120, 102, '2025-04-10', '2025-04-15', 'elfogadva', '2025-03-20 13:20:00'),
(383, 121, 103, '2025-05-05', '2025-05-10', 'függőben', '2025-03-21 14:30:00'),
(384, 122, 104, '2025-06-01', '2025-06-05', 'elfogadva', '2025-03-22 08:00:00'),
(385, 123, 105, '2025-07-10', '2025-07-15', 'függőben', '2025-03-23 09:10:00'),
(386, 124, 106, '2025-08-20', '2025-08-25', 'elutasítva', '2025-03-24 11:30:00'),
(387, 125, 107, '2025-09-15', '2025-09-20', 'elfogadva', '2025-03-25 12:40:00'),
(388, 126, 108, '2025-10-01', '2025-10-05', 'függőben', '2025-03-26 13:50:00'),
(389, 127, 109, '2025-11-10', '2025-11-15', 'elutasítva', '2025-03-27 14:20:00'),
(390, 128, 110, '2025-12-05', '2025-12-10', 'elfogadva', '2025-03-28 08:40:00'),
(391, 129, 111, '2025-01-15', '2025-01-20', 'függőben', '2025-03-29 09:30:00'),
(392, 130, 112, '2025-02-10', '2025-02-15', 'elutasítva', '2025-03-30 10:00:00'),
(393, 131, 113, '2025-03-25', '2025-03-30', 'elfogadva', '2025-03-31 11:10:00'),
(394, 132, 114, '2025-04-15', '2025-04-20', 'függőben', '2025-04-01 12:00:00'),
(395, 133, 115, '2025-05-05', '2025-05-10', 'elutasítva', '2025-04-02 07:20:00'),
(396, 134, 116, '2025-06-01', '2025-06-05', 'elfogadva', '2025-04-03 08:40:00'),
(397, 135, 117, '2025-07-10', '2025-07-15', 'függőben', '2025-04-04 10:50:00'),
(398, 136, 118, '2025-08-25', '2025-08-30', 'elutasítva', '2025-04-05 11:00:00'),
(399, 137, 119, '2025-09-15', '2025-09-20', 'elfogadva', '2025-04-06 12:30:00'),
(400, 138, 120, '2025-10-10', '2025-10-15', 'függőben', '2025-04-07 08:50:00'),
(401, 139, 121, '2025-11-01', '2025-11-05', 'elutasítva', '2025-04-08 10:00:00'),
(402, 140, 122, '2025-12-10', '2025-12-15', 'elfogadva', '2025-04-09 11:10:00');

-- --------------------------------------------------------

--
-- Tábla szerkezet ehhez a táblához `ingatlankepek`
--

CREATE TABLE `ingatlankepek` (
  `kep_id` int(11) NOT NULL,
  `ingatlan_id` int(11) NOT NULL,
  `kep_url` blob NOT NULL,
  `feltoltes_datum` timestamp NOT NULL DEFAULT current_timestamp()
) ENGINE=InnoDB DEFAULT CHARSET=utf8 COLLATE=utf8_hungarian_ci;

--
-- A tábla adatainak kiíratása `ingatlankepek`
--

INSERT INTO `ingatlankepek` (`kep_id`, `ingatlan_id`, `kep_url`, `feltoltes_datum`) VALUES
(5, 41, 0x696d6167655f315f75726c2e6a7067, '2025-02-03 07:34:01'),
(6, 42, 0x696d6167655f325f75726c2e6a7067, '2025-02-03 07:34:02'),
(7, 43, 0x696d6167655f335f75726c2e6a7067, '2025-02-03 07:34:03'),
(8, 44, 0x696d6167655f345f75726c2e6a7067, '2025-02-03 07:34:04'),
(9, 45, 0x696d6167655f355f75726c2e6a7067, '2025-02-03 07:34:05'),
(10, 46, 0x696d6167655f365f75726c2e6a7067, '2025-02-03 07:34:06'),
(11, 47, 0x696d6167655f375f75726c2e6a7067, '2025-02-03 07:34:07'),
(12, 48, 0x696d6167655f385f75726c2e6a7067, '2025-02-03 07:34:08'),
(13, 49, 0x696d6167655f395f75726c2e6a7067, '2025-02-03 07:34:09'),
(14, 50, 0x696d6167655f31305f75726c2e6a7067, '2025-02-03 07:34:10'),
(15, 51, 0x696d6167655f31315f75726c2e6a7067, '2025-02-03 07:34:11'),
(16, 52, 0x696d6167655f31325f75726c2e6a7067, '2025-02-03 07:34:12'),
(17, 53, 0x696d6167655f31335f75726c2e6a7067, '2025-02-03 07:34:13'),
(18, 54, 0x696d6167655f31345f75726c2e6a7067, '2025-02-03 07:34:14'),
(19, 55, 0x696d6167655f31355f75726c2e6a7067, '2025-02-03 07:34:15'),
(20, 56, 0x696d6167655f31365f75726c2e6a7067, '2025-02-03 07:34:16'),
(21, 57, 0x696d6167655f31375f75726c2e6a7067, '2025-02-03 07:34:17'),
(22, 58, 0x696d6167655f31385f75726c2e6a7067, '2025-02-03 07:34:18'),
(23, 59, 0x696d6167655f31395f75726c2e6a7067, '2025-02-03 07:34:19'),
(24, 60, 0x696d6167655f32305f75726c2e6a7067, '2025-02-03 07:34:20'),
(25, 61, 0x696d6167655f32315f75726c2e6a7067, '2025-02-03 07:34:21'),
(26, 62, 0x696d6167655f32325f75726c2e6a7067, '2025-02-03 07:34:22'),
(27, 63, 0x696d6167655f32335f75726c2e6a7067, '2025-02-03 07:34:23'),
(28, 64, 0x696d6167655f32345f75726c2e6a7067, '2025-02-03 07:34:24'),
(29, 65, 0x696d6167655f32355f75726c2e6a7067, '2025-02-03 07:34:25'),
(30, 66, 0x696d6167655f32365f75726c2e6a7067, '2025-02-03 07:34:26'),
(31, 67, 0x696d6167655f32375f75726c2e6a7067, '2025-02-03 07:34:27'),
(32, 68, 0x696d6167655f32385f75726c2e6a7067, '2025-02-03 07:34:28'),
(33, 69, 0x696d6167655f32395f75726c2e6a7067, '2025-02-03 07:34:29'),
(34, 70, 0x696d6167655f33305f75726c2e6a7067, '2025-02-03 07:34:30'),
(35, 71, 0x696d6167655f33315f75726c2e6a7067, '2025-02-03 07:34:31'),
(36, 72, 0x696d6167655f33325f75726c2e6a7067, '2025-02-03 07:34:32'),
(37, 73, 0x696d6167655f33335f75726c2e6a7067, '2025-02-03 07:34:33'),
(38, 74, 0x696d6167655f33345f75726c2e6a7067, '2025-02-03 07:34:34'),
(39, 75, 0x696d6167655f33355f75726c2e6a7067, '2025-02-03 07:34:35'),
(40, 76, 0x696d6167655f33365f75726c2e6a7067, '2025-02-03 07:34:36'),
(41, 77, 0x696d6167655f33375f75726c2e6a7067, '2025-02-03 07:34:37'),
(42, 78, 0x696d6167655f33385f75726c2e6a7067, '2025-02-03 07:34:38'),
(43, 79, 0x696d6167655f33395f75726c2e6a7067, '2025-02-03 07:34:39'),
(44, 80, 0x696d6167655f34305f75726c2e6a7067, '2025-02-03 07:34:40'),
(45, 81, 0x696d6167655f34315f75726c2e6a7067, '2025-02-03 07:34:41'),
(46, 82, 0x696d6167655f34325f75726c2e6a7067, '2025-02-03 07:34:42'),
(47, 83, 0x696d6167655f34335f75726c2e6a7067, '2025-02-03 07:34:43'),
(48, 84, 0x696d6167655f34345f75726c2e6a7067, '2025-02-03 07:34:44'),
(49, 85, 0x696d6167655f34355f75726c2e6a7067, '2025-02-03 07:34:45'),
(50, 86, 0x696d6167655f34365f75726c2e6a7067, '2025-02-03 07:34:46'),
(51, 87, 0x696d6167655f34375f75726c2e6a7067, '2025-02-03 07:34:47'),
(52, 88, 0x696d6167655f34385f75726c2e6a7067, '2025-02-03 07:34:48'),
(53, 89, 0x696d6167655f34395f75726c2e6a7067, '2025-02-03 07:34:49'),
(54, 90, 0x696d6167655f35305f75726c2e6a7067, '2025-02-03 07:34:50'),
(55, 91, 0x696d6167655f35315f75726c2e6a7067, '2025-02-03 07:34:51'),
(56, 92, 0x696d6167655f35325f75726c2e6a7067, '2025-02-03 07:34:52'),
(57, 93, 0x696d6167655f35335f75726c2e6a7067, '2025-02-03 07:34:53'),
(58, 94, 0x696d6167655f35345f75726c2e6a7067, '2025-02-03 07:34:54'),
(59, 95, 0x696d6167655f35355f75726c2e6a7067, '2025-02-03 07:34:55'),
(60, 96, 0x696d6167655f35365f75726c2e6a7067, '2025-02-03 07:34:56'),
(61, 97, 0x696d6167655f35375f75726c2e6a7067, '2025-02-03 07:34:57'),
(62, 98, 0x696d6167655f35385f75726c2e6a7067, '2025-02-03 07:34:58'),
(63, 99, 0x696d6167655f35395f75726c2e6a7067, '2025-02-03 07:34:59'),
(64, 100, 0x696d6167655f36305f75726c2e6a7067, '2025-02-03 07:35:00'),
(65, 101, 0x696d6167655f36315f75726c2e6a7067, '2025-02-03 07:35:01'),
(66, 102, 0x696d6167655f36325f75726c2e6a7067, '2025-02-03 07:35:02'),
(67, 103, 0x696d6167655f36335f75726c2e6a7067, '2025-02-03 07:35:03'),
(68, 104, 0x696d6167655f36345f75726c2e6a7067, '2025-02-03 07:35:04'),
(69, 105, 0x696d6167655f36355f75726c2e6a7067, '2025-02-03 07:35:05'),
(70, 106, 0x696d6167655f36365f75726c2e6a7067, '2025-02-03 07:35:06'),
(71, 107, 0x696d6167655f36375f75726c2e6a7067, '2025-02-03 07:35:07'),
(72, 108, 0x696d6167655f36385f75726c2e6a7067, '2025-02-03 07:35:08'),
(73, 109, 0x696d6167655f36395f75726c2e6a7067, '2025-02-03 07:35:09'),
(74, 110, 0x696d6167655f37305f75726c2e6a7067, '2025-02-03 07:35:10'),
(75, 111, 0x696d6167655f37315f75726c2e6a7067, '2025-02-03 07:35:11'),
(76, 112, 0x696d6167655f37325f75726c2e6a7067, '2025-02-03 07:35:12'),
(77, 113, 0x696d6167655f37335f75726c2e6a7067, '2025-02-03 07:35:13'),
(78, 114, 0x696d6167655f37345f75726c2e6a7067, '2025-02-03 07:35:14'),
(79, 115, 0x696d6167655f37355f75726c2e6a7067, '2025-02-03 07:35:15'),
(80, 116, 0x696d6167655f37365f75726c2e6a7067, '2025-02-03 07:35:16'),
(81, 117, 0x696d6167655f37375f75726c2e6a7067, '2025-02-03 07:35:17'),
(82, 118, 0x696d6167655f37385f75726c2e6a7067, '2025-02-03 07:35:18'),
(83, 119, 0x696d6167655f37395f75726c2e6a7067, '2025-02-03 07:35:19'),
(84, 120, 0x696d6167655f38305f75726c2e6a7067, '2025-02-03 07:35:20'),
(85, 121, 0x696d6167655f38315f75726c2e6a7067, '2025-02-03 07:35:21'),
(86, 122, 0x696d6167655f38325f75726c2e6a7067, '2025-02-03 07:35:22'),
(87, 123, 0x696d6167655f38335f75726c2e6a7067, '2025-02-03 07:35:23'),
(88, 124, 0x696d6167655f38345f75726c2e6a7067, '2025-02-03 07:35:24'),
(89, 125, 0x696d6167655f38355f75726c2e6a7067, '2025-02-03 07:35:25'),
(90, 126, 0x696d6167655f38365f75726c2e6a7067, '2025-02-03 07:35:26'),
(91, 127, 0x696d6167655f38375f75726c2e6a7067, '2025-02-03 07:35:27'),
(92, 128, 0x696d6167655f38385f75726c2e6a7067, '2025-02-03 07:35:28'),
(93, 129, 0x696d6167655f38395f75726c2e6a7067, '2025-02-03 07:35:29'),
(94, 130, 0x696d6167655f39305f75726c2e6a7067, '2025-02-03 07:35:30'),
(95, 131, 0x696d6167655f39315f75726c2e6a7067, '2025-02-03 07:35:31'),
(96, 132, 0x696d6167655f39325f75726c2e6a7067, '2025-02-03 07:35:32'),
(97, 133, 0x696d6167655f39335f75726c2e6a7067, '2025-02-03 07:35:33'),
(98, 134, 0x696d6167655f39345f75726c2e6a7067, '2025-02-03 07:35:34'),
(99, 135, 0x696d6167655f39355f75726c2e6a7067, '2025-02-03 07:35:35'),
(100, 136, 0x696d6167655f39365f75726c2e6a7067, '2025-02-03 07:35:36'),
(101, 137, 0x696d6167655f39375f75726c2e6a7067, '2025-02-03 07:35:37'),
(102, 138, 0x696d6167655f39385f75726c2e6a7067, '2025-02-03 07:35:38'),
(103, 139, 0x696d6167655f39395f75726c2e6a7067, '2025-02-03 07:35:39'),
(104, 140, 0x696d6167655f3130305f75726c2e6a7067, '2025-02-03 07:35:40');

-- --------------------------------------------------------

--
-- Tábla szerkezet ehhez a táblához `ingatlanok`
--

CREATE TABLE `ingatlanok` (
  `ingatlan_id` int(11) NOT NULL,
  `tulajdonos_id` int(11) NOT NULL,
  `cim` varchar(255) NOT NULL,
  `leiras` text DEFAULT NULL,
  `helyszin` varchar(255) DEFAULT NULL,
  `ar` decimal(10,2) NOT NULL,
  `meret` int(11) DEFAULT NULL,
  `szolgaltatasok` text DEFAULT NULL,
  `szoba` int(10) NOT NULL,
  `feltoltes_datum` timestamp NOT NULL DEFAULT current_timestamp()
) ENGINE=InnoDB DEFAULT CHARSET=utf8mb4 COLLATE=utf8mb4_hungarian_ci;

--
-- A tábla adatainak kiíratása `ingatlanok`
--

INSERT INTO `ingatlanok` (`ingatlan_id`, `tulajdonos_id`, `cim`, `leiras`, `helyszin`, `ar`, `meret`, `szolgaltatasok`, `szoba`, `feltoltes_datum`) VALUES
(41, 23, 'Budapest, Fő utca 1.', 'Tágas 3 szobás lakás a belvárosban', 'Budapest', 250000.00, 80, 'Wi-Fi, parkolás, medence', 3, '2025-02-03 07:37:01'),
(42, 24, 'Debrecen, Tavasz utca 12.', 'Modern ház kerttel', 'Debrecen', 300000.00, 120, 'Wi-Fi, parkolás, kert, kutya hozható', 4, '2025-02-03 07:37:02'),
(43, 25, 'Pécs, Zöld liget 5.', 'Családi ház, nagy kerttel és szerszámos helyiséggel', 'Pécs', 350000.00, 140, 'Wi-Fi, garázs, kert, kutya hozható', 5, '2025-02-03 07:37:03'),
(44, 26, 'Szeged, Központi utca 10.', 'Újépítésű lakás, csendes környéken', 'Szeged', 280000.00, 95, 'Wi-Fi, parkolás', 2, '2025-02-03 07:37:04'),
(45, 27, 'Nyíregyháza, Arany János utca 8.', 'Kis lakás egyedülálló bérlőknek', 'Nyíregyháza', 150000.00, 40, 'Wi-Fi', 1, '2025-02-03 07:37:05'),
(46, 28, 'Budapest, Hősök tere 23.', 'Luxuslakás a belváros szívében', 'Budapest', 600000.00, 200, 'Wi-Fi, medence, parkolóhely', 6, '2025-02-03 07:37:06'),
(47, 29, 'Veszprém, Fő tér 1.', 'Szép, felújított lakás, közvetlenül a központban', 'Veszprém', 220000.00, 75, 'Wi-Fi, parkolás', 3, '2025-02-03 07:37:07'),
(48, 30, 'Eger, Rózsadomb utca 5.', 'Hegyvidéki panorámás ház', 'Eger', 400000.00, 130, 'Wi-Fi, kert, medence, parkoló', 4, '2025-02-03 07:37:08'),
(49, 31, 'Zalaegerszeg, Tavaszi utca 3.', 'Csendes lakás a zöldövezetben', 'Zalaegerszeg', 210000.00, 85, 'Wi-Fi, parkolás', 2, '2025-02-03 07:37:09'),
(50, 32, 'Szombathely, Munkás utca 2.', 'Modern stílusú lakás, közvetlen kapcsolat a közlekedéssel', 'Szombathely', 180000.00, 70, 'Wi-Fi', 2, '2025-02-03 07:37:10'),
(51, 33, 'Váci utca 14.', 'Tágas lakás, jól felszerelt', 'Budapest', 350000.00, 110, 'Wi-Fi, medence', 4, '2025-02-03 07:37:11'),
(52, 34, 'Szentendre, Kossuth Lajos utca 9.', 'Kis ház, ideális családoknak', 'Szentendre', 230000.00, 95, 'Wi-Fi, parkolás', 3, '2025-02-03 07:37:12'),
(53, 35, 'Kaposvár, Dózsa György utca 6.', 'Tökéletes ház vidéki élethez', 'Kaposvár', 275000.00, 120, 'Wi-Fi, kert', 4, '2025-02-03 07:37:13'),
(54, 36, 'Visegrád, Duna part 15.', 'Panorámás lakás a Dunakanyarban', 'Visegrád', 500000.00, 180, 'Wi-Fi, medence', 5, '2025-02-03 07:37:14'),
(55, 37, 'Tata, Széchenyi utca 11.', 'Alacsony költségvetésű lakás', 'Tata', 120000.00, 60, 'Wi-Fi, parkolás', 2, '2025-02-03 07:37:15'),
(56, 38, 'Sopron, Petőfi Sándor utca 21.', 'Felújított lakás központi helyen', 'Sopron', 260000.00, 100, 'Wi-Fi, parkolás', 3, '2025-02-03 07:37:16'),
(57, 39, 'Pécs, Széchenyi tér 4.', 'Tágas lakás az egyetem közelében', 'Pécs', 320000.00, 110, 'Wi-Fi, parkolás', 3, '2025-02-03 07:37:17'),
(58, 40, 'Székesfehérvár, Királyi utca 10.', 'Különleges ház, közvetlen a belváros szívében', 'Székesfehérvár', 340000.00, 125, 'Wi-Fi, medence', 4, '2025-02-03 07:37:18'),
(59, 41, 'Miskolc, Szentpéteri kapu 2.', 'Csendes lakás a külvárosban', 'Miskolc', 180000.00, 80, 'Wi-Fi, parkolás', 2, '2025-02-03 07:37:19'),
(60, 42, 'Gödöllő, Szabadság utca 7.', 'Családi ház, gyönyörű kerttel', 'Gödöllő', 290000.00, 150, 'Wi-Fi, kert, kutya hozható', 4, '2025-02-03 07:37:20'),
(61, 43, 'Pécs, Nyugati tér 3.', 'Kényelmes 2 szobás lakás', 'Pécs', 180000.00, 75, 'Wi-Fi', 2, '2025-02-03 07:37:21'),
(62, 44, 'Budapest, Hegedűs utca 8.', 'Felújított garzon lakás', 'Budapest', 210000.00, 50, 'Wi-Fi', 1, '2025-02-03 07:37:22'),
(63, 45, 'Veszprém, Tüzér utca 9.', 'Családi ház nagy kerttel', 'Veszprém', 330000.00, 140, 'Wi-Fi, medence', 5, '2025-02-03 07:37:23'),
(64, 46, 'Debrecen, Hunyadi utca 16.', 'Tágas lakás, közel a központhoz', 'Debrecen', 250000.00, 85, 'Wi-Fi', 3, '2025-02-03 07:37:24'),
(65, 47, 'Szolnok, Tisza utca 4.', 'Családias lakás, szép kerttel', 'Szolnok', 220000.00, 95, 'Wi-Fi, parkolás', 4, '2025-02-03 07:37:25'),
(66, 48, 'Nyíregyháza, Szent István utca 13.', 'Kényelmes lakás a város szívében', 'Nyíregyháza', 200000.00, 65, 'Wi-Fi', 2, '2025-02-03 07:37:26'),
(67, 49, 'Vác, Báthory utca 6.', 'Újépítésű, 3 szobás lakás', 'Vác', 350000.00, 100, 'Wi-Fi, parkolás', 3, '2025-02-03 07:37:27'),
(68, 50, 'Szeged, Petőfi Sándor utca 7.', 'Modern lakás, nagyszerű kilátással', 'Szeged', 330000.00, 110, 'Wi-Fi, parkolás', 4, '2025-02-03 07:37:28'),
(69, 51, 'Tatabánya, Dózsa György utca 12.', 'Kis lakás, szép kilátással', 'Tatabánya', 170000.00, 60, 'Wi-Fi', 2, '2025-02-03 07:37:29'),
(70, 52, 'Gödöllő, Kossuth Lajos utca 14.', 'Csendes környéken lévő ház', 'Gödöllő', 270000.00, 120, 'Wi-Fi, parkolás', 4, '2025-02-03 07:37:30'),
(71, 53, 'Pécs, Kossuth utca 20.', 'Nagy méretű lakás, központi elhelyezkedés', 'Pécs', 310000.00, 125, 'Wi-Fi, medence', 5, '2025-02-03 07:37:31'),
(72, 54, 'Budapest, Király utca 7.', 'Tágas belvárosi lakás', 'Budapest', 400000.00, 95, 'Wi-Fi, parkolás', 3, '2025-02-03 07:37:32'),
(73, 55, 'Szentendre, Fő utca 6.', 'Rendezett, csendes lakás', 'Szentendre', 220000.00, 70, 'Wi-Fi, parkolás', 2, '2025-02-03 07:37:33'),
(74, 56, 'Zalaegerszeg, Kossuth utca 8.', 'Kényelmes, kis lakás', 'Zalaegerszeg', 190000.00, 55, 'Wi-Fi', 1, '2025-02-03 07:37:34'),
(75, 57, 'Szombathely, Bartók Béla utca 3.', 'Tágas lakás, csendes helyen', 'Szombathely', 280000.00, 110, 'Wi-Fi, parkolás', 4, '2025-02-03 07:37:35'),
(76, 58, 'Kaposvár, Vas utca 17.', 'Kétszobás lakás', 'Kaposvár', 210000.00, 70, 'Wi-Fi', 2, '2025-02-03 07:37:36'),
(77, 59, 'Eger, Kossuth Lajos utca 15.', 'Egyedi stílusú lakás', 'Eger', 330000.00, 115, 'Wi-Fi, parkolás', 4, '2025-02-03 07:37:37'),
(78, 60, 'Visegrád, Váci utca 9.', 'Ház csodálatos kilátással', 'Visegrád', 480000.00, 160, 'Wi-Fi, medence', 5, '2025-02-03 07:37:38'),
(79, 61, 'Sopron, Hársfa utca 3.', 'Új építésű lakás', 'Sopron', 320000.00, 105, 'Wi-Fi', 3, '2025-02-03 07:37:39'),
(80, 62, 'Vác, Kossuth utca 5.', 'Kellemes, napfényes lakás', 'Vác', 230000.00, 80, 'Wi-Fi', 2, '2025-02-03 07:37:40'),
(81, 63, 'Székesfehérvár, Petőfi utca 2.', 'Kertes ház a belváros közelében', 'Székesfehérvár', 340000.00, 130, 'Wi-Fi, parkolás', 4, '2025-02-03 07:37:41'),
(82, 64, 'Miskolc, Vörösmarty utca 11.', 'Szép lakás, központi elhelyezkedés', 'Miskolc', 210000.00, 75, 'Wi-Fi', 3, '2025-02-03 07:37:42'),
(83, 65, 'Kecskemét, Kossuth utca 22.', 'Szép, tágas lakás', 'Kecskemét', 280000.00, 95, 'Wi-Fi', 3, '2025-02-03 07:37:43'),
(84, 66, 'Pécs, Alkotmány utca 3.', 'Kis lakás, közel a központhoz', 'Pécs', 170000.00, 50, 'Wi-Fi', 1, '2025-02-03 07:37:44'),
(85, 67, 'Budapest, Rákóczi utca 1.', 'Nagy méretű lakás, jó közlekedéssel', 'Budapest', 450000.00, 130, 'Wi-Fi', 4, '2025-02-03 07:37:45'),
(86, 68, 'Veszprém, Petőfi utca 20.', 'Tágas lakás a város szívében', 'Veszprém', 270000.00, 100, 'Wi-Fi', 3, '2025-02-03 07:37:46'),
(87, 69, 'Debrecen, Kossuth tér 7.', 'Új építésű, napfényes lakás', 'Debrecen', 350000.00, 120, 'Wi-Fi', 4, '2025-02-03 07:37:47'),
(88, 70, 'Szolnok, Kossuth utca 14.', 'Kis lakás, közel a központhoz', 'Szolnok', 200000.00, 65, 'Wi-Fi', 2, '2025-02-03 07:37:48'),
(89, 71, 'Nyíregyháza, Kossuth Lajos utca 9.', 'Tágas lakás, két hálószobával', 'Nyíregyháza', 240000.00, 90, 'Wi-Fi', 3, '2025-02-03 07:37:49'),
(90, 72, 'Vác, Petőfi utca 6.', 'Modern lakás, csendes helyen', 'Vác', 270000.00, 95, 'Wi-Fi', 3, '2025-02-03 07:37:50'),
(91, 73, 'Szeged, Széchenyi tér 8.', 'Tágas lakás, csodás kilátással', 'Szeged', 380000.00, 140, 'Wi-Fi, medence', 4, '2025-02-03 07:37:51'),
(92, 74, 'Tatabánya, Munkás utca 4.', 'Kényelmes lakás', 'Tatabánya', 220000.00, 70, 'Wi-Fi', 2, '2025-02-03 07:37:52'),
(93, 75, 'Gödöllő, Fő utca 10.', 'Kis lakás, csendes környéken', 'Gödöllő', 180000.00, 50, 'Wi-Fi', 1, '2025-02-03 07:37:53'),
(94, 76, 'Pécs, Kálvin utca 5.', 'Új építésű lakás, központi helyen', 'Pécs', 320000.00, 110, 'Wi-Fi, parkolás', 3, '2025-02-03 07:37:54'),
(95, 77, 'Budapest, Váci utca 13.', 'Kis lakás, ideális egyedülállóknak', 'Budapest', 200000.00, 55, 'Wi-Fi', 1, '2025-02-03 07:37:55'),
(96, 78, 'Szentendre, Fő utca 2.', 'Csendes ház nagy kerttel', 'Szentendre', 350000.00, 130, 'Wi-Fi, parkolás', 4, '2025-02-03 07:37:56'),
(97, 79, 'Zalaegerszeg, Kossuth Lajos utca 18.', 'Kényelmes lakás, zöldövezetben', 'Zalaegerszeg', 240000.00, 85, 'Wi-Fi', 3, '2025-02-03 07:37:57'),
(98, 80, 'Szombathely, Jókai utca 12.', 'Modern lakás a belvárosban', 'Szombathely', 310000.00, 105, 'Wi-Fi, parkolás', 3, '2025-02-03 07:37:58'),
(99, 81, 'Kaposvár, Fő utca 14.', 'Tágas lakás, parkosított udvarral', 'Kaposvár', 280000.00, 120, 'Wi-Fi, parkolás', 4, '2025-02-03 07:37:59'),
(100, 82, 'Eger, Kossuth utca 10.', 'Újépítésű, szép lakás', 'Eger', 330000.00, 110, 'Wi-Fi, medence', 3, '2025-02-03 07:38:00'),
(101, 83, 'Visegrád, Rákóczi utca 5.', 'Kényelmes, két szobás lakás', 'Visegrád', 200000.00, 70, 'Wi-Fi', 2, '2025-02-03 07:38:01'),
(102, 84, 'Sopron, Kisfaludy utca 3.', 'Családi ház, központi elhelyezkedéssel', 'Sopron', 380000.00, 150, 'Wi-Fi, medence', 5, '2025-02-03 07:38:02'),
(103, 85, 'Vác, Dózsa György utca 18.', 'Nagy, tágas lakás', 'Vác', 350000.00, 120, 'Wi-Fi, parkolás', 4, '2025-02-03 07:38:03'),
(104, 86, 'Székesfehérvár, Vörösmarty utca 1.', 'Modern lakás, központi helyen', 'Székesfehérvár', 330000.00, 110, 'Wi-Fi', 3, '2025-02-03 07:38:04'),
(105, 87, 'Miskolc, Váci utca 9.', 'Kis lakás, zöldövezetben', 'Miskolc', 190000.00, 60, 'Wi-Fi', 2, '2025-02-03 07:38:05'),
(106, 88, 'Kecskemét, Hunyadi utca 6.', 'Tágas lakás, kiváló közlekedéssel', 'Kecskemét', 270000.00, 90, 'Wi-Fi, parkolás', 3, '2025-02-03 07:38:06'),
(107, 89, 'Pécs, Hunyadi utca 9.', 'Új lakás, központ közelében', 'Pécs', 310000.00, 115, 'Wi-Fi, medence', 4, '2025-02-03 07:38:07'),
(108, 90, 'Budapest, Margit körút 6.', 'Tágas belvárosi lakás', 'Budapest', 400000.00, 140, 'Wi-Fi, parkolás', 4, '2025-02-03 07:38:08'),
(109, 91, 'Szentendre, Római part 3.', 'Kis ház a folyópart közelében', 'Szentendre', 350000.00, 130, 'Wi-Fi', 4, '2025-02-03 07:38:09'),
(110, 92, 'Zalaegerszeg, Arany János utca 7.', 'Kényelmes, két szobás lakás', 'Zalaegerszeg', 220000.00, 75, 'Wi-Fi', 2, '2025-02-03 07:38:10'),
(111, 93, 'Szombathely, Vasvári Pál utca 10.', 'Új építésű lakás, központ közelében', 'Szombathely', 330000.00, 120, 'Wi-Fi', 3, '2025-02-03 07:38:11'),
(112, 94, 'Kaposvár, Zrínyi utca 14.', 'Szép, napfényes lakás', 'Kaposvár', 270000.00, 95, 'Wi-Fi', 3, '2025-02-03 07:38:12'),
(113, 95, 'Eger, Felsőváros, Rákóczi utca 5.', 'Családi ház, nagy kerttel', 'Eger', 390000.00, 140, 'Wi-Fi, parkolás', 4, '2025-02-03 07:38:13'),
(114, 96, 'Visegrád, Templom utca 3.', 'Családi ház, csodálatos kilátással', 'Visegrád', 420000.00, 150, 'Wi-Fi, medence', 5, '2025-02-03 07:38:14'),
(115, 97, 'Sopron, Hegyalja utca 8.', 'Szép lakás, közel a központhoz', 'Sopron', 250000.00, 90, 'Wi-Fi', 3, '2025-02-03 07:38:15'),
(116, 98, 'Vác, Duna utca 13.', 'Két szobás lakás, jó közlekedéssel', 'Vác', 220000.00, 75, 'Wi-Fi', 2, '2025-02-03 07:38:16'),
(117, 99, 'Székesfehérvár, Dózsa György utca 11.', 'Tágas, világos lakás', 'Székesfehérvár', 300000.00, 100, 'Wi-Fi', 3, '2025-02-03 07:38:17'),
(118, 100, 'Miskolc, Táncsics Mihály utca 4.', 'Szép lakás a város szívében', 'Miskolc', 230000.00, 80, 'Wi-Fi', 3, '2025-02-03 07:38:18'),
(119, 101, 'Kecskemét, Jókai utca 10.', 'Modern, világos lakás', 'Kecskemét', 260000.00, 95, 'Wi-Fi', 3, '2025-02-03 07:38:19'),
(120, 102, 'Pécs, Béla utca 12.', 'Családi ház, nagy udvarral', 'Pécs', 370000.00, 130, 'Wi-Fi, parkolás', 4, '2025-02-03 07:38:20'),
(121, 103, 'Budapest, Erzsébet körút 2.', 'Kényelmes belvárosi lakás', 'Budapest', 360000.00, 120, 'Wi-Fi, parkolás', 3, '2025-02-03 07:38:21'),
(122, 104, 'Szentendre, Mátyás király utca 3.', 'Kis ház, csendes környéken', 'Szentendre', 210000.00, 80, 'Wi-Fi', 2, '2025-02-03 07:38:22'),
(123, 105, 'Zalaegerszeg, Bajza utca 10.', 'Kis lakás, nyugodt helyen', 'Zalaegerszeg', 190000.00, 55, 'Wi-Fi', 1, '2025-02-03 07:38:23'),
(124, 106, 'Szombathely, Fő utca 13.', 'Nagy lakás, közel a központhoz', 'Szombathely', 300000.00, 120, 'Wi-Fi, parkolás', 3, '2025-02-03 07:38:24'),
(125, 107, 'Kaposvár, Kossuth utca 7.', 'Modern lakás, remek közlekedéssel', 'Kaposvár', 280000.00, 100, 'Wi-Fi, parkolás', 3, '2025-02-03 07:38:25'),
(126, 108, 'Eger, Törökdomb, Rákóczi utca 3.', 'Családi ház, csendes helyen', 'Eger', 360000.00, 140, 'Wi-Fi, medence', 4, '2025-02-03 07:38:26'),
(127, 109, 'Visegrád, Kálvária utca 4.', 'Tágas, jól felszerelt lakás', 'Visegrád', 290000.00, 110, 'Wi-Fi, parkolás', 3, '2025-02-03 07:38:27'),
(128, 110, 'Sopron, Várkerület 5.', 'Új lakás, kiváló közlekedéssel', 'Sopron', 330000.00, 120, 'Wi-Fi', 3, '2025-02-03 07:38:28'),
(129, 111, 'Vác, Szabadság utca 9.', 'Nagy lakás, közel a központhoz', 'Vác', 290000.00, 100, 'Wi-Fi', 3, '2025-02-03 07:38:29'),
(130, 112, 'Székesfehérvár, Munkácsy utca 15.', 'Kényelmes családi ház', 'Székesfehérvár', 400000.00, 150, 'Wi-Fi, parkolás', 5, '2025-02-03 07:38:30'),
(131, 113, 'Miskolc, Kossuth utca 2.', 'Szép lakás, jó közlekedéssel', 'Miskolc', 220000.00, 70, 'Wi-Fi', 2, '2025-02-03 07:38:31'),
(132, 114, 'Kecskemét, Hunyadi utca 15.', 'Két szobás lakás, csendes környéken', 'Kecskemét', 230000.00, 80, 'Wi-Fi', 2, '2025-02-03 07:38:32'),
(133, 115, 'Pécs, Jókai utca 4.', 'Nagy lakás, jó közlekedéssel', 'Pécs', 330000.00, 120, 'Wi-Fi, medence', 4, '2025-02-03 07:38:33'),
(134, 116, 'Budapest, Andrássy út 10.', 'Modern lakás, belvárosi elhelyezkedéssel', 'Budapest', 420000.00, 140, 'Wi-Fi, parkolás', 4, '2025-02-03 07:38:34'),
(135, 117, 'Szentendre, Szentendrei utca 6.', 'Családi ház, szép kerttel', 'Szentendre', 350000.00, 130, 'Wi-Fi', 4, '2025-02-03 07:38:35'),
(136, 118, 'Zalaegerszeg, Deák Ferenc utca 5.', 'Kis lakás, jó közlekedéssel', 'Zalaegerszeg', 180000.00, 60, 'Wi-Fi', 2, '2025-02-03 07:38:36'),
(137, 119, 'Szombathely, Béke utca 7.', 'Családi ház, kényelmes kerttel', 'Szombathely', 350000.00, 140, 'Wi-Fi, parkolás', 4, '2025-02-03 07:38:37'),
(138, 120, 'Kaposvár, Munkácsy utca 2.', 'Új lakás, világos szobákkal', 'Kaposvár', 250000.00, 90, 'Wi-Fi', 3, '2025-02-03 07:38:38'),
(139, 121, 'Eger, Jókai utca 12.', 'Tágas, napfényes lakás', 'Eger', 300000.00, 110, 'Wi-Fi, parkolás', 3, '2025-02-03 07:38:39'),
(140, 122, 'Visegrád, Király utca 7.', 'Családi ház, csodás kilátással', 'Visegrád', 450000.00, 160, 'Wi-Fi, medence', 5, '2025-02-03 07:38:40');

-- --------------------------------------------------------

--
-- Tábla szerkezet ehhez a táblához `jogosultsagok`
--

CREATE TABLE `jogosultsagok` (
  `jogosultsag_id` int(11) NOT NULL,
  `jogosultsag_nev` varchar(100) NOT NULL,
  `leiras` text DEFAULT NULL
) ENGINE=InnoDB DEFAULT CHARSET=utf8 COLLATE=utf8_hungarian_ci;

--
-- A tábla adatainak kiíratása `jogosultsagok`
--

INSERT INTO `jogosultsagok` (`jogosultsag_id`, `jogosultsag_nev`, `leiras`) VALUES
(1, 'Admin jogosultság', 'Minden jogosultság kezelése'),
(2, 'Bérlő jogosultság', 'Bérlők kezelésére jogosultság'),
(3, 'Tulajdonos jogosultság', 'Ingatlanok kezelésére jogosultság'),
(4, 'Rendszergazda jogosultság', 'Rendszerbeállítások módosítása'),
(5, 'Felhasználói jogosultság', 'Felhasználók kezelése');

-- --------------------------------------------------------

--
-- Tábla szerkezet ehhez a táblához `szerepkorjogosultsagok`
--

CREATE TABLE `szerepkorjogosultsagok` (
  `szerepkor_id` int(11) NOT NULL,
  `jogosultsag_id` int(11) NOT NULL
) ENGINE=InnoDB DEFAULT CHARSET=utf8 COLLATE=utf8_hungarian_ci;

--
-- A tábla adatainak kiíratása `szerepkorjogosultsagok`
--

INSERT INTO `szerepkorjogosultsagok` (`szerepkor_id`, `jogosultsag_id`) VALUES
(1, 1),
(1, 2),
(1, 3),
(1, 4),
(1, 5),
(2, 2),
(3, 1),
(3, 3);

-- --------------------------------------------------------

--
-- Tábla szerkezet ehhez a táblához `szerepkorok`
--

CREATE TABLE `szerepkorok` (
  `szerepkor_id` int(11) NOT NULL,
  `szerepkor_nev` varchar(50) NOT NULL
) ENGINE=InnoDB DEFAULT CHARSET=utf8 COLLATE=utf8_hungarian_ci;

--
-- A tábla adatainak kiíratása `szerepkorok`
--

INSERT INTO `szerepkorok` (`szerepkor_id`, `szerepkor_nev`) VALUES
(1, 'Adminisztrátor'),
(3, 'Bérlő'),
(2, 'Tulajdonos');

-- --------------------------------------------------------

--
-- Tábla szerkezet ehhez a táblához `telepulesek`
--

CREATE TABLE `telepulesek` (
  `nev` varchar(20) NOT NULL,
  `megye` varchar(25) NOT NULL,
  `leiras` varchar(30) DEFAULT NULL,
  `kep` text DEFAULT NULL
) ENGINE=InnoDB DEFAULT CHARSET=utf8 COLLATE=utf8_hungarian_ci;

--
-- A tábla adatainak kiíratása `telepulesek`
--

INSERT INTO `telepulesek` (`nev`, `megye`, `leiras`, `kep`) VALUES
('Aba', 'Fejér', NULL, NULL),
('Abádszalók', 'Jász-Nagykun-Szolnok', NULL, NULL),
('Abaliget', 'Baranya', NULL, NULL),
('Abasár', 'Heves', NULL, NULL),
('Abaújalpár', 'Borsod-Abaúj-Zemplén', NULL, NULL),
('Abaújkér', 'Borsod-Abaúj-Zemplén', NULL, NULL),
('Abaújlak', 'Borsod-Abaúj-Zemplén', NULL, NULL),
('Abaújszántó', 'Borsod-Abaúj-Zemplén', NULL, NULL),
('Abaújszolnok', 'Borsod-Abaúj-Zemplén', NULL, NULL),
('Abaújvár', 'Borsod-Abaúj-Zemplén', NULL, NULL),
('Abda', 'Győr-Moson-Sopron', NULL, NULL),
('Abod', 'Borsod-Abaúj-Zemplén', NULL, NULL),
('Abony', 'Pest', NULL, NULL),
('Ábrahámhegy', 'Veszprém', NULL, NULL),
('Ács', 'Komárom-Esztergom', NULL, NULL),
('Acsa', 'Pest', NULL, NULL),
('Acsád', 'Vas', NULL, NULL),
('Acsalag', 'Győr-Moson-Sopron', NULL, NULL),
('Ácsteszér', 'Komárom-Esztergom', NULL, NULL),
('Adács', 'Heves', NULL, NULL),
('Ádánd', 'Somogy', NULL, NULL),
('Adásztevel', 'Veszprém', NULL, NULL),
('Adony', 'Fejér', NULL, NULL),
('Adorjánháza', 'Veszprém', NULL, NULL),
('Adorjás', 'Baranya', NULL, NULL),
('Ág', 'Baranya', NULL, NULL),
('Ágasegyháza', 'Bács-Kiskun', NULL, NULL),
('Ágfalva', 'Győr-Moson-Sopron', NULL, NULL),
('Aggtelek', 'Borsod-Abaúj-Zemplén', NULL, NULL),
('Agyagosszergény', 'Győr-Moson-Sopron', NULL, NULL),
('Ajak', 'Szabolcs-Szatmár-Bereg', NULL, NULL),
('Ajka', 'Veszprém', NULL, NULL),
('Aka', 'Komárom-Esztergom', NULL, NULL),
('Akasztó', 'Bács-Kiskun', NULL, NULL),
('Alacska', 'Borsod-Abaúj-Zemplén', NULL, NULL),
('Alap', 'Fejér', NULL, NULL),
('Alattyán', 'Jász-Nagykun-Szolnok', NULL, NULL),
('Albertirsa', 'Pest', NULL, NULL),
('Alcsútdoboz', 'Fejér', NULL, NULL),
('Aldebrő', 'Heves', NULL, NULL),
('Algyő', 'Csongrád', NULL, NULL),
('Alibánfa', 'Zala', NULL, NULL),
('Almamellék', 'Baranya', NULL, NULL),
('Almásfüzitő', 'Komárom-Esztergom', NULL, NULL),
('Almásháza', 'Zala', NULL, NULL),
('Almáskamarás', 'Békés', NULL, NULL),
('Almáskeresztúr', 'Baranya', NULL, NULL),
('Álmosd', 'Hajdú-Bihar', NULL, NULL),
('Alsóberecki', 'Borsod-Abaúj-Zemplén', NULL, NULL),
('Alsóbogát', 'Somogy', NULL, NULL),
('Alsódobsza', 'Borsod-Abaúj-Zemplén', NULL, NULL),
('Alsógagy', 'Borsod-Abaúj-Zemplén', NULL, NULL),
('Alsómocsolád', 'Baranya', NULL, NULL),
('Alsónána', 'Tolna', NULL, NULL),
('Alsónémedi', 'Pest', NULL, NULL),
('Alsónemesapáti', 'Zala', NULL, NULL),
('Alsónyék', 'Tolna', NULL, NULL),
('Alsóörs', 'Veszprém', NULL, NULL),
('Alsópáhok', 'Zala', NULL, NULL),
('Alsópetény', 'Nógrád', NULL, NULL),
('Alsórajk', 'Zala', NULL, NULL),
('Alsóregmec', 'Borsod-Abaúj-Zemplén', NULL, NULL),
('Alsószenterzsébet', 'Zala', NULL, NULL),
('Alsószentiván', 'Fejér', NULL, NULL),
('Alsószentmárton', 'Baranya', NULL, NULL),
('Alsószölnök', 'Vas', NULL, NULL),
('Alsószuha', 'Borsod-Abaúj-Zemplén', NULL, NULL),
('Alsótelekes', 'Borsod-Abaúj-Zemplén', NULL, NULL),
('Alsótold', 'Nógrád', NULL, NULL),
('Alsóújlak', 'Vas', NULL, NULL),
('Alsóvadász', 'Borsod-Abaúj-Zemplén', NULL, NULL),
('Alsózsolca', 'Borsod-Abaúj-Zemplén', NULL, NULL),
('Ambrózfalva', 'Csongrád', NULL, NULL),
('Anarcs', 'Szabolcs-Szatmár-Bereg', NULL, NULL),
('Andocs', 'Somogy', NULL, NULL),
('Andornaktálya', 'Heves', NULL, NULL),
('Andrásfa', 'Vas', NULL, NULL),
('Annavölgy', 'Komárom-Esztergom', NULL, NULL),
('Apácatorna', 'Veszprém', NULL, NULL),
('Apagy', 'Szabolcs-Szatmár-Bereg', NULL, NULL),
('Apaj', 'Pest', NULL, NULL),
('Aparhant', 'Tolna', NULL, NULL),
('Apátfalva', 'Csongrád', NULL, NULL),
('Apátistvánfalva', 'Vas', NULL, NULL),
('Apátvarasd', 'Baranya', NULL, NULL),
('Apc', 'Heves', NULL, NULL),
('Áporka', 'Pest', NULL, NULL),
('Apostag', 'Bács-Kiskun', NULL, NULL),
('Aranyosapáti', 'Szabolcs-Szatmár-Bereg', NULL, NULL),
('Aranyosgadány', 'Baranya', NULL, NULL),
('Arka', 'Borsod-Abaúj-Zemplén', NULL, NULL),
('Arló', 'Borsod-Abaúj-Zemplén', NULL, NULL),
('Arnót', 'Borsod-Abaúj-Zemplén', NULL, NULL),
('Ároktő', 'Borsod-Abaúj-Zemplén', NULL, NULL),
('Árpádhalom', 'Csongrád', NULL, NULL),
('Árpás', 'Győr-Moson-Sopron', NULL, NULL),
('Ártánd', 'Hajdú-Bihar', NULL, NULL),
('Ásotthalom', 'Csongrád', NULL, NULL),
('Ásványráró', 'Győr-Moson-Sopron', NULL, NULL),
('Aszaló', 'Borsod-Abaúj-Zemplén', NULL, NULL),
('Ászár', 'Komárom-Esztergom', NULL, NULL),
('Aszód', 'Pest', NULL, NULL),
('Aszófő', 'Veszprém', NULL, NULL),
('Áta', 'Baranya', NULL, NULL),
('Átány', 'Heves', NULL, NULL),
('Atkár', 'Heves', NULL, NULL),
('Attala', 'Tolna', NULL, NULL),
('Babarc', 'Baranya', NULL, NULL),
('Babarcszőlős', 'Baranya', NULL, NULL),
('Babócsa', 'Somogy', NULL, NULL),
('Bábolna', 'Komárom-Esztergom', NULL, NULL),
('Bábonymegyer', 'Somogy', NULL, NULL),
('Babosdöbréte', 'Zala', NULL, NULL),
('Babót', 'Győr-Moson-Sopron', NULL, NULL),
('Bácsalmás', 'Bács-Kiskun', NULL, NULL),
('Bácsbokod', 'Bács-Kiskun', NULL, NULL),
('Bácsborsód', 'Bács-Kiskun', NULL, NULL),
('Bácsszentgyörgy', 'Bács-Kiskun', NULL, NULL),
('Bácsszőlős', 'Bács-Kiskun', NULL, NULL),
('Badacsonytomaj', 'Veszprém', NULL, NULL),
('Badacsonytördemic', 'Veszprém', NULL, NULL),
('Bag', 'Pest', NULL, NULL),
('Bagamér', 'Hajdú-Bihar', NULL, NULL),
('Baglad', 'Zala', NULL, NULL),
('Bagod', 'Zala', NULL, NULL),
('Bágyogszovát', 'Győr-Moson-Sopron', NULL, NULL),
('Baj', 'Komárom-Esztergom', NULL, NULL),
('Baja', 'Bács-Kiskun', NULL, NULL),
('Bajánsenye', 'Vas', NULL, NULL),
('Bajna', 'Komárom-Esztergom', NULL, NULL),
('Bajót', 'Komárom-Esztergom', NULL, NULL),
('Bak', 'Zala', NULL, NULL),
('Bakháza', 'Somogy', NULL, NULL),
('Bakóca', 'Baranya', NULL, NULL),
('Bakonszeg', 'Hajdú-Bihar', NULL, NULL),
('Bakonya', 'Baranya', NULL, NULL),
('Bakonybánk', 'Komárom-Esztergom', NULL, NULL),
('Bakonybél', 'Veszprém', NULL, NULL),
('Bakonycsernye', 'Fejér', NULL, NULL),
('Bakonygyirót', 'Győr-Moson-Sopron', NULL, NULL),
('Bakonyjákó', 'Veszprém', NULL, NULL),
('Bakonykoppány', 'Veszprém', NULL, NULL),
('Bakonykúti', 'Fejér', NULL, NULL),
('Bakonynána', 'Veszprém', NULL, NULL),
('Bakonyoszlop', 'Veszprém', NULL, NULL),
('Bakonypéterd', 'Győr-Moson-Sopron', NULL, NULL),
('Bakonypölöske', 'Veszprém', NULL, NULL),
('Bakonyság', 'Veszprém', NULL, NULL),
('Bakonysárkány', 'Komárom-Esztergom', NULL, NULL),
('Bakonyszentiván', 'Veszprém', NULL, NULL),
('Bakonyszentkirály', 'Veszprém', NULL, NULL),
('Bakonyszentlászló', 'Győr-Moson-Sopron', NULL, NULL),
('Bakonyszombathely', 'Komárom-Esztergom', NULL, NULL),
('Bakonyszücs', 'Veszprém', NULL, NULL),
('Bakonytamási', 'Veszprém', NULL, NULL),
('Baks', 'Csongrád', NULL, NULL),
('Baksa', 'Baranya', NULL, NULL),
('Baktakék', 'Borsod-Abaúj-Zemplén', NULL, NULL),
('Baktalórántháza', 'Szabolcs-Szatmár-Bereg', NULL, NULL),
('Baktüttös', 'Zala', NULL, NULL),
('Balajt', 'Borsod-Abaúj-Zemplén', NULL, NULL),
('Balassagyarmat', 'Nógrád', NULL, NULL),
('Balástya', 'Csongrád', NULL, NULL),
('Balaton', 'Heves', NULL, NULL),
('Balatonakali', 'Veszprém', NULL, NULL),
('Balatonakarattya', 'Veszprém', NULL, NULL),
('Balatonalmádi', 'Veszprém', NULL, NULL),
('Balatonberény', 'Somogy', NULL, NULL),
('Balatonboglár', 'Somogy', NULL, NULL),
('Balatoncsicsó', 'Veszprém', NULL, NULL),
('Balatonederics', 'Veszprém', NULL, NULL),
('Balatonendréd', 'Somogy', NULL, NULL),
('Balatonfenyves', 'Somogy', NULL, NULL),
('Balatonfőkajár', 'Veszprém', NULL, NULL),
('Balatonföldvár', 'Somogy', NULL, NULL),
('Balatonfüred', 'Veszprém', NULL, NULL),
('Balatonfűzfő', 'Veszprém', NULL, NULL),
('Balatongyörök', 'Zala', NULL, NULL),
('Balatonhenye', 'Veszprém', NULL, NULL),
('Balatonkenese', 'Veszprém', NULL, NULL),
('Balatonkeresztúr', 'Somogy', NULL, NULL),
('Balatonlelle', 'Somogy', NULL, NULL),
('Balatonmagyaród', 'Zala', NULL, NULL),
('Balatonmáriafürdő', 'Somogy', NULL, NULL),
('Balatonőszöd', 'Somogy', NULL, NULL),
('Balatonrendes', 'Veszprém', NULL, NULL),
('Balatonszabadi', 'Somogy', NULL, NULL),
('Balatonszárszó', 'Somogy', NULL, NULL),
('Balatonszemes', 'Somogy', NULL, NULL),
('Balatonszentgyörgy', 'Somogy', NULL, NULL),
('Balatonszepezd', 'Veszprém', NULL, NULL),
('Balatonszőlős', 'Veszprém', NULL, NULL),
('Balatonudvari', 'Veszprém', NULL, NULL),
('Balatonújlak', 'Somogy', NULL, NULL),
('Balatonvilágos', 'Somogy', NULL, NULL),
('Balinka', 'Fejér', NULL, NULL),
('Balkány', 'Szabolcs-Szatmár-Bereg', NULL, NULL),
('Ballószög', 'Bács-Kiskun', NULL, NULL),
('Balmazújváros', 'Hajdú-Bihar', NULL, NULL),
('Balogunyom', 'Vas', NULL, NULL),
('Balotaszállás', 'Bács-Kiskun', NULL, NULL),
('Balsa', 'Szabolcs-Szatmár-Bereg', NULL, NULL),
('Bálványos', 'Somogy', NULL, NULL),
('Bana', 'Komárom-Esztergom', NULL, NULL),
('Bánd', 'Veszprém', NULL, NULL),
('Bánfa', 'Baranya', NULL, NULL),
('Bánhorváti', 'Borsod-Abaúj-Zemplén', NULL, NULL),
('Bánk', 'Nógrád', NULL, NULL),
('Bánokszentgyörgy', 'Zala', NULL, NULL),
('Bánréve', 'Borsod-Abaúj-Zemplén', NULL, NULL),
('Bár', 'Baranya', NULL, NULL),
('Barabás', 'Szabolcs-Szatmár-Bereg', NULL, NULL),
('Baracs', 'Fejér', NULL, NULL),
('Baracska', 'Fejér', NULL, NULL),
('Báránd', 'Hajdú-Bihar', NULL, NULL),
('Baranyahídvég', 'Baranya', NULL, NULL),
('Baranyajenő', 'Baranya', NULL, NULL),
('Baranyaszentgyörgy', 'Baranya', NULL, NULL),
('Barbacs', 'Győr-Moson-Sopron', NULL, NULL),
('Barcs', 'Somogy', NULL, NULL),
('Bárdudvarnok', 'Somogy', NULL, NULL),
('Barlahida', 'Zala', NULL, NULL),
('Bárna', 'Nógrád', NULL, NULL),
('Barnag', 'Veszprém', NULL, NULL),
('Bársonyos', 'Komárom-Esztergom', NULL, NULL),
('Basal', 'Baranya', NULL, NULL),
('Baskó', 'Borsod-Abaúj-Zemplén', NULL, NULL),
('Báta', 'Tolna', NULL, NULL),
('Bátaapáti', 'Tolna', NULL, NULL),
('Bátaszék', 'Tolna', NULL, NULL),
('Baté', 'Somogy', NULL, NULL),
('Bátmonostor', 'Bács-Kiskun', NULL, NULL),
('Bátonyterenye', 'Nógrád', NULL, NULL),
('Bátor', 'Heves', NULL, NULL),
('Bátorliget', 'Szabolcs-Szatmár-Bereg', NULL, NULL),
('Battonya', 'Békés', NULL, NULL),
('Bátya', 'Bács-Kiskun', NULL, NULL),
('Batyk', 'Zala', NULL, NULL),
('Bázakerettye', 'Zala', NULL, NULL),
('Bazsi', 'Veszprém', NULL, NULL),
('Béb', 'Veszprém', NULL, NULL),
('Becsehely', 'Zala', NULL, NULL),
('Becske', 'Nógrád', NULL, NULL),
('Becskeháza', 'Borsod-Abaúj-Zemplén', NULL, NULL),
('Becsvölgye', 'Zala', NULL, NULL),
('Bedegkér', 'Somogy', NULL, NULL),
('Bedő', 'Hajdú-Bihar', NULL, NULL),
('Bejcgyertyános', 'Vas', NULL, NULL),
('Békás', 'Veszprém', NULL, NULL),
('Bekecs', 'Borsod-Abaúj-Zemplén', NULL, NULL),
('Békés', 'Békés', NULL, NULL),
('Békéscsaba', 'Békés', NULL, NULL),
('Békéssámson', 'Békés', NULL, NULL),
('Békésszentandrás', 'Békés', NULL, NULL),
('Bekölce', 'Heves', NULL, NULL),
('Bélapátfalva', 'Heves', NULL, NULL),
('Bélavár', 'Somogy', NULL, NULL),
('Belecska', 'Tolna', NULL, NULL),
('Beled', 'Győr-Moson-Sopron', NULL, NULL),
('Beleg', 'Somogy', NULL, NULL),
('Belezna', 'Zala', NULL, NULL),
('Bélmegyer', 'Békés', NULL, NULL),
('Beloiannisz', 'Fejér', NULL, NULL),
('Belsősárd', 'Zala', NULL, NULL),
('Belvárdgyula', 'Baranya', NULL, NULL),
('Benk', 'Szabolcs-Szatmár-Bereg', NULL, NULL),
('Bénye', 'Pest', NULL, NULL),
('Bér', 'Nógrád', NULL, NULL),
('Bérbaltavár', 'Vas', NULL, NULL),
('Bercel', 'Nógrád', NULL, NULL),
('Beregdaróc', 'Szabolcs-Szatmár-Bereg', NULL, NULL),
('Beregsurány', 'Szabolcs-Szatmár-Bereg', NULL, NULL),
('Berekböszörmény', 'Hajdú-Bihar', NULL, NULL),
('Berekfürdő', 'Jász-Nagykun-Szolnok', NULL, NULL),
('Beremend', 'Baranya', NULL, NULL),
('Berente', 'Borsod-Abaúj-Zemplén', NULL, NULL),
('Beret', 'Borsod-Abaúj-Zemplén', NULL, NULL),
('Berettyóújfalu', 'Hajdú-Bihar', NULL, NULL),
('Berhida', 'Veszprém', NULL, NULL),
('Berkenye', 'Nógrád', NULL, NULL),
('Berkesd', 'Baranya', NULL, NULL),
('Berkesz', 'Szabolcs-Szatmár-Bereg', NULL, NULL),
('Bernecebaráti', 'Pest', NULL, NULL),
('Berzék', 'Borsod-Abaúj-Zemplén', NULL, NULL),
('Berzence', 'Somogy', NULL, NULL),
('Besence', 'Baranya', NULL, NULL),
('Besenyőd', 'Szabolcs-Szatmár-Bereg', NULL, NULL),
('Besenyőtelek', 'Heves', NULL, NULL),
('Besenyszög', 'Jász-Nagykun-Szolnok', NULL, NULL),
('Besnyő', 'Fejér', NULL, NULL),
('Beszterec', 'Szabolcs-Szatmár-Bereg', NULL, NULL),
('Bezedek', 'Baranya', NULL, NULL),
('Bezenye', 'Győr-Moson-Sopron', NULL, NULL),
('Bezeréd', 'Zala', NULL, NULL),
('Bezi', 'Győr-Moson-Sopron', NULL, NULL),
('Biatorbágy', 'Pest', NULL, NULL),
('Bicsérd', 'Baranya', NULL, NULL),
('Bicske', 'Fejér', NULL, NULL),
('Bihardancsháza', 'Hajdú-Bihar', NULL, NULL),
('Biharkeresztes', 'Hajdú-Bihar', NULL, NULL),
('Biharnagybajom', 'Hajdú-Bihar', NULL, NULL),
('Bihartorda', 'Hajdú-Bihar', NULL, NULL),
('Biharugra', 'Békés', NULL, NULL),
('Bikács', 'Tolna', NULL, NULL),
('Bikal', 'Baranya', NULL, NULL),
('Biri', 'Szabolcs-Szatmár-Bereg', NULL, NULL),
('Birján', 'Baranya', NULL, NULL),
('Bisse', 'Baranya', NULL, NULL),
('Boba', 'Vas', NULL, NULL),
('Bocfölde', 'Zala', NULL, NULL),
('Boconád', 'Heves', NULL, NULL),
('Bócsa', 'Bács-Kiskun', NULL, NULL),
('Bocska', 'Zala', NULL, NULL),
('Bocskaikert', 'Hajdú-Bihar', NULL, NULL),
('Boda', 'Baranya', NULL, NULL),
('Bodajk', 'Fejér', NULL, NULL),
('Bodmér', 'Fejér', NULL, NULL),
('Bodolyabér', 'Baranya', NULL, NULL),
('Bodonhely', 'Győr-Moson-Sopron', NULL, NULL),
('Bodony', 'Heves', NULL, NULL),
('Bodorfa', 'Veszprém', NULL, NULL),
('Bodrog', 'Somogy', NULL, NULL),
('Bodroghalom', 'Borsod-Abaúj-Zemplén', NULL, NULL),
('Bodrogkeresztúr', 'Borsod-Abaúj-Zemplén', NULL, NULL),
('Bodrogkisfalud', 'Borsod-Abaúj-Zemplén', NULL, NULL),
('Bodrogolaszi', 'Borsod-Abaúj-Zemplén', NULL, NULL),
('Bódvalenke', 'Borsod-Abaúj-Zemplén', NULL, NULL),
('Bódvarákó', 'Borsod-Abaúj-Zemplén', NULL, NULL),
('Bódvaszilas', 'Borsod-Abaúj-Zemplén', NULL, NULL),
('Bogács', 'Borsod-Abaúj-Zemplén', NULL, NULL),
('Bogád', 'Baranya', NULL, NULL),
('Bogádmindszent', 'Baranya', NULL, NULL),
('Bogdása', 'Baranya', NULL, NULL),
('Bogyiszló', 'Tolna', NULL, NULL),
('Bogyoszló', 'Győr-Moson-Sopron', NULL, NULL),
('Bojt', 'Hajdú-Bihar', NULL, NULL),
('Bókaháza', 'Zala', NULL, NULL),
('Bokod', 'Komárom-Esztergom', NULL, NULL),
('Bokor', 'Nógrád', NULL, NULL),
('Boldog', 'Heves', NULL, NULL),
('Boldogasszonyfa', 'Baranya', NULL, NULL),
('Boldogkőújfalu', 'Borsod-Abaúj-Zemplén', NULL, NULL),
('Boldogkőváralja', 'Borsod-Abaúj-Zemplén', NULL, NULL),
('Boldva', 'Borsod-Abaúj-Zemplén', NULL, NULL),
('Bolhás', 'Somogy', NULL, NULL),
('Bolhó', 'Somogy', NULL, NULL),
('Bóly', 'Baranya', NULL, NULL),
('Boncodfölde', 'Zala', NULL, NULL),
('Bonnya', 'Somogy', NULL, NULL),
('Bonyhád', 'Tolna', NULL, NULL),
('Bonyhádvarasd', 'Tolna', NULL, NULL),
('Bordány', 'Csongrád', NULL, NULL),
('Borgáta', 'Vas', NULL, NULL),
('Borjád', 'Baranya', NULL, NULL),
('Borota', 'Bács-Kiskun', NULL, NULL),
('Borsfa', 'Zala', NULL, NULL),
('Borsodbóta', 'Borsod-Abaúj-Zemplén', NULL, NULL),
('Borsodgeszt', 'Borsod-Abaúj-Zemplén', NULL, NULL),
('Borsodivánka', 'Borsod-Abaúj-Zemplén', NULL, NULL),
('Borsodnádasd', 'Borsod-Abaúj-Zemplén', NULL, NULL),
('Borsodszentgyörgy', 'Borsod-Abaúj-Zemplén', NULL, NULL),
('Borsodszirák', 'Borsod-Abaúj-Zemplén', NULL, NULL),
('Borsosberény', 'Nógrád', NULL, NULL),
('Borszörcsök', 'Veszprém', NULL, NULL),
('Borzavár', 'Veszprém', NULL, NULL),
('Bosta', 'Baranya', NULL, NULL),
('Botpalád', 'Szabolcs-Szatmár-Bereg', NULL, NULL),
('Botykapeterd', 'Baranya', NULL, NULL),
('Bozsok', 'Vas', NULL, NULL),
('Bózsva', 'Borsod-Abaúj-Zemplén', NULL, NULL),
('Bozzai', 'Vas', NULL, NULL),
('Bő', 'Vas', NULL, NULL),
('Bőcs', 'Borsod-Abaúj-Zemplén', NULL, NULL),
('Böde', 'Zala', NULL, NULL),
('Bödeháza', 'Zala', NULL, NULL),
('Bögöt', 'Vas', NULL, NULL),
('Bögöte', 'Vas', NULL, NULL),
('Böhönye', 'Somogy', NULL, NULL),
('Bököny', 'Szabolcs-Szatmár-Bereg', NULL, NULL),
('Bölcske', 'Tolna', NULL, NULL),
('Bőny', 'Győr-Moson-Sopron', NULL, NULL),
('Börcs', 'Győr-Moson-Sopron', NULL, NULL),
('Börzönce', 'Zala', NULL, NULL),
('Bősárkány', 'Győr-Moson-Sopron', NULL, NULL),
('Bőszénfa', 'Somogy', NULL, NULL),
('Bucsa', 'Békés', NULL, NULL),
('Bucsu', 'Vas', NULL, NULL),
('Búcsúszentlászló', 'Zala', NULL, NULL),
('Bucsuta', 'Zala', NULL, NULL),
('Budajenő', 'Pest', NULL, NULL),
('Budakalász', 'Pest', NULL, NULL),
('Budakeszi', 'Pest', NULL, NULL),
('Budaörs', 'Pest', NULL, NULL),
('Budapest', 'Pest', 'Budapest a főváros, gazdag tör', NULL),
('Budapest 01. ker.', 'főváros', NULL, NULL),
('Budapest 02. ker.', 'főváros', NULL, NULL),
('Budapest 03. ker.', 'főváros', NULL, NULL),
('Budapest 04. ker.', 'főváros', NULL, NULL),
('Budapest 05. ker.', 'főváros', NULL, NULL),
('Budapest 06. ker.', 'főváros', NULL, NULL),
('Budapest 07. ker.', 'főváros', NULL, NULL),
('Budapest 08. ker.', 'főváros', NULL, NULL),
('Budapest 09. ker.', 'főváros', NULL, NULL),
('Budapest 10. ker.', 'főváros', NULL, NULL),
('Budapest 11. ker.', 'főváros', NULL, NULL),
('Budapest 12. ker.', 'főváros', NULL, NULL),
('Budapest 13. ker.', 'főváros', NULL, NULL),
('Budapest 14. ker.', 'főváros', NULL, NULL),
('Budapest 15. ker.', 'főváros', NULL, NULL),
('Budapest 16. ker.', 'főváros', NULL, NULL),
('Budapest 17. ker.', 'főváros', NULL, NULL),
('Budapest 18. ker.', 'főváros', NULL, NULL),
('Budapest 19. ker.', 'főváros', NULL, NULL),
('Budapest 20. ker.', 'főváros', NULL, NULL),
('Budapest 21. ker.', 'főváros', NULL, NULL),
('Budapest 22. ker.', 'főváros', NULL, NULL),
('Budapest 23. ker.', 'főváros', NULL, NULL),
('Bugac', 'Bács-Kiskun', NULL, NULL),
('Bugacpusztaháza', 'Bács-Kiskun', NULL, NULL),
('Bugyi', 'Pest', NULL, NULL),
('Buj', 'Szabolcs-Szatmár-Bereg', NULL, NULL),
('Buják', 'Nógrád', NULL, NULL),
('Buzsák', 'Somogy', NULL, NULL),
('Bük', 'Vas', NULL, NULL),
('Bükkábrány', 'Borsod-Abaúj-Zemplén', NULL, NULL),
('Bükkaranyos', 'Borsod-Abaúj-Zemplén', NULL, NULL),
('Bükkmogyorósd', 'Borsod-Abaúj-Zemplén', NULL, NULL),
('Bükkösd', 'Baranya', NULL, NULL),
('Bükkszék', 'Heves', NULL, NULL),
('Bükkszenterzsébet', 'Heves', NULL, NULL),
('Bükkszentkereszt', 'Borsod-Abaúj-Zemplén', NULL, NULL),
('Bükkszentmárton', 'Heves', NULL, NULL),
('Bükkzsérc', 'Borsod-Abaúj-Zemplén', NULL, NULL),
('Bürüs', 'Baranya', NULL, NULL),
('Büssü', 'Somogy', NULL, NULL),
('Büttös', 'Borsod-Abaúj-Zemplén', NULL, NULL),
('Cák', 'Vas', NULL, NULL),
('Cakóháza', 'Győr-Moson-Sopron', NULL, NULL),
('Cece', 'Fejér', NULL, NULL),
('Cégénydányád', 'Szabolcs-Szatmár-Bereg', NULL, NULL),
('Cegléd', 'Pest', NULL, NULL),
('Ceglédbercel', 'Pest', NULL, NULL),
('Celldömölk', 'Vas', NULL, NULL),
('Cered', 'Nógrád', NULL, NULL),
('Chernelházadamonya', 'Vas', NULL, NULL),
('Cibakháza', 'Jász-Nagykun-Szolnok', NULL, NULL),
('Cigánd', 'Borsod-Abaúj-Zemplén', NULL, NULL),
('Cikó', 'Tolna', NULL, NULL),
('Cirák', 'Győr-Moson-Sopron', NULL, NULL),
('Csabacsűd', 'Békés', NULL, NULL),
('Csabaszabadi', 'Békés', NULL, NULL),
('Csabdi', 'Fejér', NULL, NULL),
('Csabrendek', 'Veszprém', NULL, NULL),
('Csáfordjánosfa', 'Győr-Moson-Sopron', NULL, NULL),
('Csaholc', 'Szabolcs-Szatmár-Bereg', NULL, NULL),
('Csajág', 'Veszprém', NULL, NULL),
('Csákány', 'Somogy', NULL, NULL),
('Csákánydoroszló', 'Vas', NULL, NULL),
('Csákberény', 'Fejér', NULL, NULL),
('Csákvár', 'Fejér', NULL, NULL),
('Csanádalberti', 'Csongrád', NULL, NULL),
('Csanádapáca', 'Békés', NULL, NULL),
('Csanádpalota', 'Csongrád', NULL, NULL),
('Csánig', 'Vas', NULL, NULL),
('Csány', 'Heves', NULL, NULL),
('Csányoszró', 'Baranya', NULL, NULL),
('Csanytelek', 'Csongrád', NULL, NULL),
('Csapi', 'Zala', NULL, NULL),
('Csapod', 'Győr-Moson-Sopron', NULL, NULL),
('Csárdaszállás', 'Békés', NULL, NULL),
('Csarnóta', 'Baranya', NULL, NULL),
('Csaroda', 'Szabolcs-Szatmár-Bereg', NULL, NULL),
('Császár', 'Komárom-Esztergom', NULL, NULL),
('Császártöltés', 'Bács-Kiskun', NULL, NULL),
('Császló', 'Szabolcs-Szatmár-Bereg', NULL, NULL),
('Csátalja', 'Bács-Kiskun', NULL, NULL),
('Csatár', 'Zala', NULL, NULL),
('Csataszög', 'Jász-Nagykun-Szolnok', NULL, NULL),
('Csatka', 'Komárom-Esztergom', NULL, NULL),
('Csávoly', 'Bács-Kiskun', NULL, NULL),
('Csebény', 'Baranya', NULL, NULL),
('Csécse', 'Nógrád', NULL, NULL),
('Csegöld', 'Szabolcs-Szatmár-Bereg', NULL, NULL),
('Csehbánya', 'Veszprém', NULL, NULL),
('Csehi', 'Vas', NULL, NULL),
('Csehimindszent', 'Vas', NULL, NULL),
('Csém', 'Komárom-Esztergom', NULL, NULL),
('Csemő', 'Pest', NULL, NULL),
('Csempeszkopács', 'Vas', NULL, NULL),
('Csengele', 'Csongrád', NULL, NULL),
('Csenger', 'Szabolcs-Szatmár-Bereg', NULL, NULL),
('Csengersima', 'Szabolcs-Szatmár-Bereg', NULL, NULL),
('Csengerújfalu', 'Szabolcs-Szatmár-Bereg', NULL, NULL),
('Csengőd', 'Bács-Kiskun', NULL, NULL),
('Csénye', 'Vas', NULL, NULL),
('Csenyéte', 'Borsod-Abaúj-Zemplén', NULL, NULL),
('Csép', 'Komárom-Esztergom', NULL, NULL),
('Csépa', 'Jász-Nagykun-Szolnok', NULL, NULL),
('Csepreg', 'Vas', NULL, NULL),
('Csér', 'Győr-Moson-Sopron', NULL, NULL),
('Cserdi', 'Baranya', NULL, NULL),
('Cserénfa', 'Somogy', NULL, NULL),
('Cserépfalu', 'Borsod-Abaúj-Zemplén', NULL, NULL),
('Cserépváralja', 'Borsod-Abaúj-Zemplén', NULL, NULL),
('Cserháthaláp', 'Nógrád', NULL, NULL),
('Cserhátsurány', 'Nógrád', NULL, NULL),
('Cserhátszentiván', 'Nógrád', NULL, NULL),
('Cserkeszőlő', 'Jász-Nagykun-Szolnok', NULL, NULL),
('Cserkút', 'Baranya', NULL, NULL),
('Csernely', 'Borsod-Abaúj-Zemplén', NULL, NULL),
('Cserszegtomaj', 'Zala', NULL, NULL),
('Csertalakos', 'Zala', NULL, NULL),
('Csertő', 'Baranya', NULL, NULL),
('Csesznek', 'Veszprém', NULL, NULL),
('Csesztreg', 'Zala', NULL, NULL),
('Csesztve', 'Nógrád', NULL, NULL),
('Csetény', 'Veszprém', NULL, NULL),
('Csévharaszt', 'Pest', NULL, NULL),
('Csibrák', 'Tolna', NULL, NULL),
('Csikéria', 'Bács-Kiskun', NULL, NULL),
('Csikóstőttős', 'Tolna', NULL, NULL),
('Csikvánd', 'Győr-Moson-Sopron', NULL, NULL),
('Csincse', 'Borsod-Abaúj-Zemplén', NULL, NULL),
('Csipkerek', 'Vas', NULL, NULL),
('Csitár', 'Nógrád', NULL, NULL),
('Csobád', 'Borsod-Abaúj-Zemplén', NULL, NULL),
('Csobaj', 'Borsod-Abaúj-Zemplén', NULL, NULL),
('Csobánka', 'Pest', NULL, NULL),
('Csókakő', 'Fejér', NULL, NULL),
('Csokonyavisonta', 'Somogy', NULL, NULL),
('Csokvaomány', 'Borsod-Abaúj-Zemplén', NULL, NULL),
('Csolnok', 'Komárom-Esztergom', NULL, NULL),
('Csólyospálos', 'Bács-Kiskun', NULL, NULL),
('Csoma', 'Somogy', NULL, NULL),
('Csomád', 'Pest', NULL, NULL),
('Csombárd', 'Somogy', NULL, NULL),
('Csongrád', 'Csongrád', NULL, NULL),
('Csonkahegyhát', 'Zala', NULL, NULL),
('Csonkamindszent', 'Baranya', NULL, NULL),
('Csopak', 'Veszprém', NULL, NULL),
('Csór', 'Fejér', NULL, NULL),
('Csorna', 'Győr-Moson-Sopron', NULL, NULL),
('Csorvás', 'Békés', NULL, NULL),
('Csót', 'Veszprém', NULL, NULL),
('Csöde', 'Zala', NULL, NULL),
('Csögle', 'Veszprém', NULL, NULL),
('Csökmő', 'Hajdú-Bihar', NULL, NULL),
('Csököly', 'Somogy', NULL, NULL),
('Csömend', 'Somogy', NULL, NULL),
('Csömödér', 'Zala', NULL, NULL),
('Csömör', 'Pest', NULL, NULL),
('Csönge', 'Vas', NULL, NULL),
('Csörnyeföld', 'Zala', NULL, NULL),
('Csörög', 'Pest', NULL, NULL),
('Csörötnek', 'Vas', NULL, NULL),
('Csősz', 'Fejér', NULL, NULL),
('Csővár', 'Pest', NULL, NULL),
('Csurgó', 'Somogy', NULL, NULL),
('Csurgónagymarton', 'Somogy', NULL, NULL),
('Cún', 'Baranya', NULL, NULL),
('Dabas', 'Pest', NULL, NULL),
('Dabronc', 'Veszprém', NULL, NULL),
('Dabrony', 'Veszprém', NULL, NULL),
('Dad', 'Komárom-Esztergom', NULL, NULL),
('Dág', 'Komárom-Esztergom', NULL, NULL),
('Dáka', 'Veszprém', NULL, NULL),
('Dalmand', 'Tolna', NULL, NULL),
('Damak', 'Borsod-Abaúj-Zemplén', NULL, NULL),
('Dámóc', 'Borsod-Abaúj-Zemplén', NULL, NULL),
('Dánszentmiklós', 'Pest', NULL, NULL),
('Dány', 'Pest', NULL, NULL),
('Daraboshegy', 'Vas', NULL, NULL),
('Darány', 'Somogy', NULL, NULL),
('Darnó', 'Szabolcs-Szatmár-Bereg', NULL, NULL),
('Darnózseli', 'Győr-Moson-Sopron', NULL, NULL),
('Daruszentmiklós', 'Fejér', NULL, NULL),
('Darvas', 'Hajdú-Bihar', NULL, NULL),
('Dávod', 'Bács-Kiskun', NULL, NULL),
('Debercsény', 'Nógrád', NULL, NULL),
('Debrecen', 'Hajdú-Bihar', 'Debrecen a Kelet-Magyarország ', NULL),
('Debréte', 'Borsod-Abaúj-Zemplén', NULL, NULL),
('Decs', 'Tolna', NULL, NULL),
('Dédestapolcsány', 'Borsod-Abaúj-Zemplén', NULL, NULL),
('Dég', 'Fejér', NULL, NULL),
('Dejtár', 'Nógrád', NULL, NULL),
('Délegyháza', 'Pest', NULL, NULL),
('Demecser', 'Szabolcs-Szatmár-Bereg', NULL, NULL),
('Demjén', 'Heves', NULL, NULL),
('Dencsháza', 'Baranya', NULL, NULL),
('Dénesfa', 'Győr-Moson-Sopron', NULL, NULL),
('Derecske', 'Hajdú-Bihar', NULL, NULL),
('Derekegyház', 'Csongrád', NULL, NULL),
('Deszk', 'Csongrád', NULL, NULL),
('Detek', 'Borsod-Abaúj-Zemplén', NULL, NULL),
('Detk', 'Heves', NULL, NULL),
('Dévaványa', 'Békés', NULL, NULL),
('Devecser', 'Veszprém', NULL, NULL),
('Dinnyeberki', 'Baranya', NULL, NULL),
('Diósberény', 'Tolna', NULL, NULL),
('Diósd', 'Pest', NULL, NULL),
('Diósjenő', 'Nógrád', NULL, NULL),
('Dióskál', 'Zala', NULL, NULL),
('Diósviszló', 'Baranya', NULL, NULL),
('Doba', 'Veszprém', NULL, NULL),
('Doboz', 'Békés', NULL, NULL),
('Dobri', 'Zala', NULL, NULL),
('Dobronhegy', 'Zala', NULL, NULL),
('Dóc', 'Csongrád', NULL, NULL),
('Domaháza', 'Borsod-Abaúj-Zemplén', NULL, NULL),
('Domaszék', 'Csongrád', NULL, NULL),
('Dombegyház', 'Békés', NULL, NULL),
('Dombiratos', 'Békés', NULL, NULL),
('Dombóvár', 'Tolna', NULL, NULL),
('Dombrád', 'Szabolcs-Szatmár-Bereg', NULL, NULL),
('Domony', 'Pest', NULL, NULL),
('Domoszló', 'Heves', NULL, NULL),
('Dormánd', 'Heves', NULL, NULL),
('Dorog', 'Komárom-Esztergom', NULL, NULL),
('Dorogháza', 'Nógrád', NULL, NULL),
('Dozmat', 'Vas', NULL, NULL),
('Döbörhegy', 'Vas', NULL, NULL),
('Döbröce', 'Zala', NULL, NULL),
('Döbrököz', 'Tolna', NULL, NULL),
('Döbrönte', 'Veszprém', NULL, NULL),
('Döge', 'Szabolcs-Szatmár-Bereg', NULL, NULL),
('Dömös', 'Komárom-Esztergom', NULL, NULL),
('Dömsöd', 'Pest', NULL, NULL),
('Dör', 'Győr-Moson-Sopron', NULL, NULL),
('Dörgicse', 'Veszprém', NULL, NULL),
('Döröske', 'Vas', NULL, NULL),
('Dötk', 'Zala', NULL, NULL),
('Dövény', 'Borsod-Abaúj-Zemplén', NULL, NULL),
('Drágszél', 'Bács-Kiskun', NULL, NULL),
('Drávacsehi', 'Baranya', NULL, NULL),
('Drávacsepely', 'Baranya', NULL, NULL),
('Drávafok', 'Baranya', NULL, NULL),
('Drávagárdony', 'Somogy', NULL, NULL),
('Drávaiványi', 'Baranya', NULL, NULL),
('Drávakeresztúr', 'Baranya', NULL, NULL),
('Drávapalkonya', 'Baranya', NULL, NULL),
('Drávapiski', 'Baranya', NULL, NULL),
('Drávaszabolcs', 'Baranya', NULL, NULL),
('Drávaszerdahely', 'Baranya', NULL, NULL),
('Drávasztára', 'Baranya', NULL, NULL),
('Drávatamási', 'Somogy', NULL, NULL),
('Drégelypalánk', 'Nógrád', NULL, NULL),
('Dubicsány', 'Borsod-Abaúj-Zemplén', NULL, NULL),
('Dudar', 'Veszprém', NULL, NULL),
('Duka', 'Vas', NULL, NULL),
('Dunaalmás', 'Komárom-Esztergom', NULL, NULL),
('Dunabogdány', 'Pest', NULL, NULL),
('Dunaegyháza', 'Bács-Kiskun', NULL, NULL),
('Dunafalva', 'Bács-Kiskun', NULL, NULL),
('Dunaföldvár', 'Tolna', NULL, NULL),
('Dunaharaszti', 'Pest', NULL, NULL),
('Dunakeszi', 'Pest', NULL, NULL),
('Dunakiliti', 'Győr-Moson-Sopron', NULL, NULL),
('Dunapataj', 'Bács-Kiskun', NULL, NULL),
('Dunaremete', 'Győr-Moson-Sopron', NULL, NULL),
('Dunaszeg', 'Győr-Moson-Sopron', NULL, NULL),
('Dunaszekcső', 'Baranya', NULL, NULL),
('Dunaszentbenedek', 'Bács-Kiskun', NULL, NULL),
('Dunaszentgyörgy', 'Tolna', NULL, NULL),
('Dunaszentmiklós', 'Komárom-Esztergom', NULL, NULL),
('Dunaszentpál', 'Győr-Moson-Sopron', NULL, NULL),
('Dunasziget', 'Győr-Moson-Sopron', NULL, NULL),
('Dunatetétlen', 'Bács-Kiskun', NULL, NULL),
('Dunaújváros', 'Fejér', NULL, NULL),
('Dunavarsány', 'Pest', NULL, NULL),
('Dunavecse', 'Bács-Kiskun', NULL, NULL),
('Dusnok', 'Bács-Kiskun', NULL, NULL),
('Dúzs', 'Tolna', NULL, NULL),
('Ebergőc', 'Győr-Moson-Sopron', NULL, NULL),
('Ebes', 'Hajdú-Bihar', NULL, NULL),
('Écs', 'Győr-Moson-Sopron', NULL, NULL),
('Ecséd', 'Heves', NULL, NULL),
('Ecseg', 'Nógrád', NULL, NULL),
('Ecsegfalva', 'Békés', NULL, NULL),
('Ecseny', 'Somogy', NULL, NULL),
('Ecser', 'Pest', NULL, NULL),
('Edde', 'Somogy', NULL, NULL),
('Edelény', 'Borsod-Abaúj-Zemplén', NULL, NULL),
('Edve', 'Győr-Moson-Sopron', NULL, NULL),
('Eger', 'Heves', NULL, NULL),
('Egerág', 'Baranya', NULL, NULL),
('Egeralja', 'Veszprém', NULL, NULL),
('Egeraracsa', 'Zala', NULL, NULL),
('Egerbakta', 'Heves', NULL, NULL),
('Egerbocs', 'Heves', NULL, NULL),
('Egercsehi', 'Heves', NULL, NULL),
('Egerfarmos', 'Heves', NULL, NULL),
('Egerlövő', 'Borsod-Abaúj-Zemplén', NULL, NULL),
('Egerszalók', 'Heves', NULL, NULL),
('Egerszólát', 'Heves', NULL, NULL),
('Égerszög', 'Borsod-Abaúj-Zemplén', NULL, NULL),
('Egervár', 'Zala', NULL, NULL),
('Egervölgy', 'Vas', NULL, NULL),
('Egyed', 'Győr-Moson-Sopron', NULL, NULL),
('Egyek', 'Hajdú-Bihar', NULL, NULL),
('Egyházasdengeleg', 'Nógrád', NULL, NULL),
('Egyházasfalu', 'Győr-Moson-Sopron', NULL, NULL),
('Egyházasgerge', 'Nógrád', NULL, NULL),
('Egyházasharaszti', 'Baranya', NULL, NULL),
('Egyházashetye', 'Vas', NULL, NULL),
('Egyházashollós', 'Vas', NULL, NULL),
('Egyházaskesző', 'Veszprém', NULL, NULL),
('Egyházaskozár', 'Baranya', NULL, NULL),
('Egyházasrádóc', 'Vas', NULL, NULL),
('Elek', 'Békés', NULL, NULL),
('Ellend', 'Baranya', NULL, NULL),
('Előszállás', 'Fejér', NULL, NULL),
('Emőd', 'Borsod-Abaúj-Zemplén', NULL, NULL),
('Encs', 'Borsod-Abaúj-Zemplén', NULL, NULL),
('Encsencs', 'Szabolcs-Szatmár-Bereg', NULL, NULL),
('Endrefalva', 'Nógrád', NULL, NULL),
('Endrőc', 'Baranya', NULL, NULL),
('Enese', 'Győr-Moson-Sopron', NULL, NULL),
('Enying', 'Fejér', NULL, NULL),
('Eperjes', 'Csongrád', NULL, NULL),
('Eperjeske', 'Szabolcs-Szatmár-Bereg', NULL, NULL),
('Eplény', 'Veszprém', NULL, NULL),
('Epöl', 'Komárom-Esztergom', NULL, NULL),
('Ercsi', 'Fejér', NULL, NULL),
('Érd', 'Pest', NULL, NULL),
('Erdőbénye', 'Borsod-Abaúj-Zemplén', NULL, NULL),
('Erdőhorváti', 'Borsod-Abaúj-Zemplén', NULL, NULL),
('Erdőkertes', 'Pest', NULL, NULL),
('Erdőkövesd', 'Heves', NULL, NULL),
('Erdőkürt', 'Nógrád', NULL, NULL),
('Erdősmárok', 'Baranya', NULL, NULL),
('Erdősmecske', 'Baranya', NULL, NULL),
('Erdőtarcsa', 'Nógrád', NULL, NULL),
('Erdőtelek', 'Heves', NULL, NULL),
('Erk', 'Heves', NULL, NULL),
('Érpatak', 'Szabolcs-Szatmár-Bereg', NULL, NULL),
('Érsekcsanád', 'Bács-Kiskun', NULL, NULL),
('Érsekhalma', 'Bács-Kiskun', NULL, NULL),
('Érsekvadkert', 'Nógrád', NULL, NULL),
('Értény', 'Tolna', NULL, NULL),
('Erzsébet', 'Baranya', NULL, NULL),
('Esztár', 'Hajdú-Bihar', NULL, NULL),
('Eszteregnye', 'Zala', NULL, NULL),
('Esztergályhorváti', 'Zala', NULL, NULL),
('Esztergom', 'Komárom-Esztergom', NULL, NULL),
('Ete', 'Komárom-Esztergom', NULL, NULL),
('Etes', 'Nógrád', NULL, NULL),
('Etyek', 'Fejér', NULL, NULL),
('Fábiánháza', 'Szabolcs-Szatmár-Bereg', NULL, NULL),
('Fábiánsebestyén', 'Csongrád', NULL, NULL),
('Fácánkert', 'Tolna', NULL, NULL),
('Fadd', 'Tolna', NULL, NULL),
('Fáj', 'Borsod-Abaúj-Zemplén', NULL, NULL),
('Fajsz', 'Bács-Kiskun', NULL, NULL),
('Fancsal', 'Borsod-Abaúj-Zemplén', NULL, NULL),
('Farád', 'Győr-Moson-Sopron', NULL, NULL),
('Farkasgyepű', 'Veszprém', NULL, NULL),
('Farkaslyuk', 'Borsod-Abaúj-Zemplén', NULL, NULL),
('Farmos', 'Pest', NULL, NULL),
('Fazekasboda', 'Baranya', NULL, NULL),
('Fedémes', 'Heves', NULL, NULL),
('Fegyvernek', 'Jász-Nagykun-Szolnok', NULL, NULL),
('Fehérgyarmat', 'Szabolcs-Szatmár-Bereg', NULL, NULL),
('Fehértó', 'Győr-Moson-Sopron', NULL, NULL),
('Fehérvárcsurgó', 'Fejér', NULL, NULL),
('Feked', 'Baranya', NULL, NULL),
('Feketeerdő', 'Győr-Moson-Sopron', NULL, NULL),
('Felcsút', 'Fejér', NULL, NULL),
('Feldebrő', 'Heves', NULL, NULL),
('Felgyő', 'Csongrád', NULL, NULL),
('Felpéc', 'Győr-Moson-Sopron', NULL, NULL),
('Felsőberecki', 'Borsod-Abaúj-Zemplén', NULL, NULL),
('Felsőcsatár', 'Vas', NULL, NULL),
('Felsődobsza', 'Borsod-Abaúj-Zemplén', NULL, NULL),
('Felsőegerszeg', 'Baranya', NULL, NULL),
('Felsőgagy', 'Borsod-Abaúj-Zemplén', NULL, NULL),
('Felsőjánosfa', 'Vas', NULL, NULL),
('Felsőkelecsény', 'Borsod-Abaúj-Zemplén', NULL, NULL),
('Felsőlajos', 'Bács-Kiskun', NULL, NULL),
('Felsőmarác', 'Vas', NULL, NULL),
('Felsőmocsolád', 'Somogy', NULL, NULL),
('Felsőnána', 'Tolna', NULL, NULL),
('Felsőnyárád', 'Borsod-Abaúj-Zemplén', NULL, NULL),
('Felsőnyék', 'Tolna', NULL, NULL),
('Felsőörs', 'Veszprém', NULL, NULL),
('Felsőpáhok', 'Zala', NULL, NULL),
('Felsőpakony', 'Pest', NULL, NULL),
('Felsőpetény', 'Nógrád', NULL, NULL),
('Felsőrajk', 'Zala', NULL, NULL),
('Felsőregmec', 'Borsod-Abaúj-Zemplén', NULL, NULL),
('Felsőszenterzsébet', 'Zala', NULL, NULL),
('Felsőszentiván', 'Bács-Kiskun', NULL, NULL),
('Felsőszentmárton', 'Baranya', NULL, NULL),
('Felsőszölnök', 'Vas', NULL, NULL),
('Felsőtárkány', 'Heves', NULL, NULL),
('Felsőtelekes', 'Borsod-Abaúj-Zemplén', NULL, NULL),
('Felsőtold', 'Nógrád', NULL, NULL),
('Felsővadász', 'Borsod-Abaúj-Zemplén', NULL, NULL),
('Felsőzsolca', 'Borsod-Abaúj-Zemplén', NULL, NULL),
('Fényeslitke', 'Szabolcs-Szatmár-Bereg', NULL, NULL),
('Fenyőfő', 'Győr-Moson-Sopron', NULL, NULL),
('Ferencszállás', 'Csongrád', NULL, NULL),
('Fertőboz', 'Győr-Moson-Sopron', NULL, NULL),
('Fertőd', 'Győr-Moson-Sopron', NULL, NULL),
('Fertőendréd', 'Győr-Moson-Sopron', NULL, NULL),
('Fertőhomok', 'Győr-Moson-Sopron', NULL, NULL),
('Fertőrákos', 'Győr-Moson-Sopron', NULL, NULL),
('Fertőszentmiklós', 'Győr-Moson-Sopron', NULL, NULL),
('Fertőszéplak', 'Győr-Moson-Sopron', NULL, NULL),
('Fiad', 'Somogy', NULL, NULL),
('Filkeháza', 'Borsod-Abaúj-Zemplén', NULL, NULL),
('Fityeház', 'Zala', NULL, NULL),
('Foktő', 'Bács-Kiskun', NULL, NULL),
('Folyás', 'Hajdú-Bihar', NULL, NULL),
('Fonó', 'Somogy', NULL, NULL),
('Fony', 'Borsod-Abaúj-Zemplén', NULL, NULL),
('Fonyód', 'Somogy', NULL, NULL),
('Forráskút', 'Csongrád', NULL, NULL),
('Forró', 'Borsod-Abaúj-Zemplén', NULL, NULL),
('Fót', 'Pest', NULL, NULL),
('Földeák', 'Csongrád', NULL, NULL),
('Földes', 'Hajdú-Bihar', NULL, NULL),
('Főnyed', 'Somogy', NULL, NULL),
('Fulókércs', 'Borsod-Abaúj-Zemplén', NULL, NULL),
('Furta', 'Hajdú-Bihar', NULL, NULL),
('Füle', 'Fejér', NULL, NULL),
('Fülesd', 'Szabolcs-Szatmár-Bereg', NULL, NULL),
('Fülöp', 'Hajdú-Bihar', NULL, NULL),
('Fülöpháza', 'Bács-Kiskun', NULL, NULL),
('Fülöpjakab', 'Bács-Kiskun', NULL, NULL),
('Fülöpszállás', 'Bács-Kiskun', NULL, NULL),
('Fülpösdaróc', 'Szabolcs-Szatmár-Bereg', NULL, NULL),
('Fürged', 'Tolna', NULL, NULL),
('Füzér', 'Borsod-Abaúj-Zemplén', NULL, NULL),
('Füzérkajata', 'Borsod-Abaúj-Zemplén', NULL, NULL),
('Füzérkomlós', 'Borsod-Abaúj-Zemplén', NULL, NULL),
('Füzérradvány', 'Borsod-Abaúj-Zemplén', NULL, NULL),
('Füzesabony', 'Heves', NULL, NULL),
('Füzesgyarmat', 'Békés', NULL, NULL),
('Fűzvölgy', 'Zala', NULL, NULL),
('Gáborján', 'Hajdú-Bihar', NULL, NULL),
('Gáborjánháza', 'Zala', NULL, NULL),
('Gacsály', 'Szabolcs-Szatmár-Bereg', NULL, NULL),
('Gadács', 'Somogy', NULL, NULL),
('Gadány', 'Somogy', NULL, NULL),
('Gadna', 'Borsod-Abaúj-Zemplén', NULL, NULL),
('Gádoros', 'Békés', NULL, NULL),
('Gagyapáti', 'Borsod-Abaúj-Zemplén', NULL, NULL),
('Gagybátor', 'Borsod-Abaúj-Zemplén', NULL, NULL),
('Gagyvendégi', 'Borsod-Abaúj-Zemplén', NULL, NULL),
('Galambok', 'Zala', NULL, NULL),
('Galgaguta', 'Nógrád', NULL, NULL),
('Galgagyörk', 'Pest', NULL, NULL),
('Galgahévíz', 'Pest', NULL, NULL),
('Galgamácsa', 'Pest', NULL, NULL),
('Gálosfa', 'Somogy', NULL, NULL),
('Galvács', 'Borsod-Abaúj-Zemplén', NULL, NULL),
('Gamás', 'Somogy', NULL, NULL),
('Ganna', 'Veszprém', NULL, NULL),
('Gánt', 'Fejér', NULL, NULL),
('Gara', 'Bács-Kiskun', NULL, NULL),
('Garáb', 'Nógrád', NULL, NULL),
('Garabonc', 'Zala', NULL, NULL),
('Garadna', 'Borsod-Abaúj-Zemplén', NULL, NULL),
('Garbolc', 'Szabolcs-Szatmár-Bereg', NULL, NULL),
('Gárdony', 'Fejér', NULL, NULL),
('Garé', 'Baranya', NULL, NULL),
('Gasztony', 'Vas', NULL, NULL),
('Gátér', 'Bács-Kiskun', NULL, NULL),
('Gávavencsellő', 'Szabolcs-Szatmár-Bereg', NULL, NULL),
('Géberjén', 'Szabolcs-Szatmár-Bereg', NULL, NULL),
('Gecse', 'Veszprém', NULL, NULL),
('Géderlak', 'Bács-Kiskun', NULL, NULL),
('Gégény', 'Szabolcs-Szatmár-Bereg', NULL, NULL),
('Gelej', 'Borsod-Abaúj-Zemplén', NULL, NULL),
('Gelénes', 'Szabolcs-Szatmár-Bereg', NULL, NULL),
('Gellénháza', 'Zala', NULL, NULL),
('Gelse', 'Zala', NULL, NULL),
('Gelsesziget', 'Zala', NULL, NULL),
('Gemzse', 'Szabolcs-Szatmár-Bereg', NULL, NULL),
('Gencsapáti', 'Vas', NULL, NULL),
('Gérce', 'Vas', NULL, NULL),
('Gerde', 'Baranya', NULL, NULL),
('Gerendás', 'Békés', NULL, NULL),
('Gerényes', 'Baranya', NULL, NULL),
('Geresdlak', 'Baranya', NULL, NULL),
('Gerjen', 'Tolna', NULL, NULL),
('Gersekarát', 'Vas', NULL, NULL),
('Geszt', 'Békés', NULL, NULL),
('Gesztely', 'Borsod-Abaúj-Zemplén', NULL, NULL),
('Geszteréd', 'Szabolcs-Szatmár-Bereg', NULL, NULL),
('Gétye', 'Zala', NULL, NULL),
('Gibárt', 'Borsod-Abaúj-Zemplén', NULL, NULL),
('Gic', 'Veszprém', NULL, NULL),
('Gige', 'Somogy', NULL, NULL),
('Gilvánfa', 'Baranya', NULL, NULL),
('Girincs', 'Borsod-Abaúj-Zemplén', NULL, NULL),
('Gógánfa', 'Veszprém', NULL, NULL),
('Golop', 'Borsod-Abaúj-Zemplén', NULL, NULL),
('Gomba', 'Pest', NULL, NULL),
('Gombosszeg', 'Zala', NULL, NULL),
('Gór', 'Vas', NULL, NULL),
('Gordisa', 'Baranya', NULL, NULL),
('Gosztola', 'Zala', NULL, NULL),
('Göd', 'Pest', NULL, NULL),
('Gödöllő', 'Pest', NULL, NULL),
('Gödre', 'Baranya', NULL, NULL),
('Gölle', 'Somogy', NULL, NULL),
('Gömörszőlős', 'Borsod-Abaúj-Zemplén', NULL, NULL),
('Gönc', 'Borsod-Abaúj-Zemplén', NULL, NULL),
('Göncruszka', 'Borsod-Abaúj-Zemplén', NULL, NULL),
('Gönyű', 'Győr-Moson-Sopron', NULL, NULL),
('Görbeháza', 'Hajdú-Bihar', NULL, NULL),
('Görcsöny', 'Baranya', NULL, NULL),
('Görcsönydoboka', 'Baranya', NULL, NULL),
('Görgeteg', 'Somogy', NULL, NULL),
('Gősfa', 'Zala', NULL, NULL),
('Grábóc', 'Tolna', NULL, NULL),
('Gulács', 'Szabolcs-Szatmár-Bereg', NULL, NULL),
('Gutorfölde', 'Zala', NULL, NULL),
('Gyál', 'Pest', NULL, NULL),
('Gyalóka', 'Győr-Moson-Sopron', NULL, NULL),
('Gyanógeregye', 'Vas', NULL, NULL),
('Gyarmat', 'Győr-Moson-Sopron', NULL, NULL),
('Gyékényes', 'Somogy', NULL, NULL),
('Gyenesdiás', 'Zala', NULL, NULL),
('Gyepükaján', 'Veszprém', NULL, NULL),
('Gyermely', 'Komárom-Esztergom', NULL, NULL),
('Gyód', 'Baranya', NULL, NULL),
('Gyomaendrőd', 'Békés', NULL, NULL),
('Gyóró', 'Győr-Moson-Sopron', NULL, NULL),
('Gyömöre', 'Győr-Moson-Sopron', NULL, NULL),
('Gyömrő', 'Pest', NULL, NULL),
('Gyöngyfa', 'Baranya', NULL, NULL),
('Gyöngyös', 'Heves', NULL, NULL),
('Gyöngyösfalu', 'Vas', NULL, NULL),
('Gyöngyöshalász', 'Heves', NULL, NULL),
('Gyöngyösmellék', 'Baranya', NULL, NULL),
('Gyöngyösoroszi', 'Heves', NULL, NULL),
('Gyöngyöspata', 'Heves', NULL, NULL),
('Gyöngyössolymos', 'Heves', NULL, NULL),
('Gyöngyöstarján', 'Heves', NULL, NULL),
('Gyönk', 'Tolna', NULL, NULL),
('Győr', 'Győr-Moson-Sopron', NULL, NULL),
('Győrasszonyfa', 'Győr-Moson-Sopron', NULL, NULL),
('Györe', 'Tolna', NULL, NULL),
('Györgytarló', 'Borsod-Abaúj-Zemplén', NULL, NULL),
('Györköny', 'Tolna', NULL, NULL),
('Győrladamér', 'Győr-Moson-Sopron', NULL, NULL),
('Győröcske', 'Szabolcs-Szatmár-Bereg', NULL, NULL),
('Győrság', 'Győr-Moson-Sopron', NULL, NULL),
('Győrsövényház', 'Győr-Moson-Sopron', NULL, NULL),
('Győrszemere', 'Győr-Moson-Sopron', NULL, NULL),
('Győrtelek', 'Szabolcs-Szatmár-Bereg', NULL, NULL),
('Győrújbarát', 'Győr-Moson-Sopron', NULL, NULL),
('Győrújfalu', 'Győr-Moson-Sopron', NULL, NULL),
('Győrvár', 'Vas', NULL, NULL),
('Győrzámoly', 'Győr-Moson-Sopron', NULL, NULL),
('Gyugy', 'Somogy', NULL, NULL),
('Gyula', 'Békés', NULL, NULL),
('Gyulaháza', 'Szabolcs-Szatmár-Bereg', NULL, NULL),
('Gyulaj', 'Tolna', NULL, NULL),
('Gyulakeszi', 'Veszprém', NULL, NULL),
('Gyúró', 'Fejér', NULL, NULL),
('Gyügye', 'Szabolcs-Szatmár-Bereg', NULL, NULL),
('Gyüre', 'Szabolcs-Szatmár-Bereg', NULL, NULL),
('Gyűrűs', 'Zala', NULL, NULL),
('Hács', 'Somogy', NULL, NULL),
('Hagyárosbörönd', 'Zala', NULL, NULL),
('Hahót', 'Zala', NULL, NULL),
('Hajdúbagos', 'Hajdú-Bihar', NULL, NULL),
('Hajdúböszörmény', 'Hajdú-Bihar', NULL, NULL),
('Hajdúdorog', 'Hajdú-Bihar', NULL, NULL),
('Hajdúhadház', 'Hajdú-Bihar', NULL, NULL),
('Hajdúnánás', 'Hajdú-Bihar', NULL, NULL),
('Hajdúsámson', 'Hajdú-Bihar', NULL, NULL),
('Hajdúszoboszló', 'Hajdú-Bihar', NULL, NULL),
('Hajdúszovát', 'Hajdú-Bihar', NULL, NULL),
('Hajmás', 'Somogy', NULL, NULL),
('Hajmáskér', 'Veszprém', NULL, NULL),
('Hajós', 'Bács-Kiskun', NULL, NULL),
('Halastó', 'Vas', NULL, NULL),
('Halászi', 'Győr-Moson-Sopron', NULL, NULL),
('Halásztelek', 'Pest', NULL, NULL),
('Halimba', 'Veszprém', NULL, NULL),
('Halmaj', 'Borsod-Abaúj-Zemplén', NULL, NULL),
('Halmajugra', 'Heves', NULL, NULL),
('Halogy', 'Vas', NULL, NULL),
('Hangács', 'Borsod-Abaúj-Zemplén', NULL, NULL),
('Hangony', 'Borsod-Abaúj-Zemplén', NULL, NULL),
('Hantos', 'Fejér', NULL, NULL),
('Harasztifalu', 'Vas', NULL, NULL),
('Harc', 'Tolna', NULL, NULL),
('Harka', 'Győr-Moson-Sopron', NULL, NULL),
('Harkakötöny', 'Bács-Kiskun', NULL, NULL),
('Harkány', 'Baranya', NULL, NULL),
('Háromfa', 'Somogy', NULL, NULL),
('Háromhuta', 'Borsod-Abaúj-Zemplén', NULL, NULL),
('Harsány', 'Borsod-Abaúj-Zemplén', NULL, NULL),
('Hárskút', 'Veszprém', NULL, NULL),
('Harta', 'Bács-Kiskun', NULL, NULL),
('Hásságy', 'Baranya', NULL, NULL),
('Hatvan', 'Heves', NULL, NULL),
('Hédervár', 'Győr-Moson-Sopron', NULL, NULL),
('Hedrehely', 'Somogy', NULL, NULL),
('Hegyesd', 'Veszprém', NULL, NULL),
('Hegyeshalom', 'Győr-Moson-Sopron', NULL, NULL),
('Hegyfalu', 'Vas', NULL, NULL),
('Hegyháthodász', 'Vas', NULL, NULL),
('Hegyhátmaróc', 'Baranya', NULL, NULL),
('Hegyhátsál', 'Vas', NULL, NULL),
('Hegyhátszentjakab', 'Vas', NULL, NULL),
('Hegyhátszentmárton', 'Vas', NULL, NULL),
('Hegyhátszentpéter', 'Vas', NULL, NULL),
('Hegykő', 'Győr-Moson-Sopron', NULL, NULL),
('Hegymagas', 'Veszprém', NULL, NULL),
('Hegymeg', 'Borsod-Abaúj-Zemplén', NULL, NULL),
('Hegyszentmárton', 'Baranya', NULL, NULL),
('Héhalom', 'Nógrád', NULL, NULL),
('Hejce', 'Borsod-Abaúj-Zemplén', NULL, NULL),
('Hejőbába', 'Borsod-Abaúj-Zemplén', NULL, NULL),
('Hejőkeresztúr', 'Borsod-Abaúj-Zemplén', NULL, NULL),
('Hejőkürt', 'Borsod-Abaúj-Zemplén', NULL, NULL),
('Hejőpapi', 'Borsod-Abaúj-Zemplén', NULL, NULL),
('Hejőszalonta', 'Borsod-Abaúj-Zemplén', NULL, NULL),
('Helesfa', 'Baranya', NULL, NULL),
('Helvécia', 'Bács-Kiskun', NULL, NULL),
('Hencida', 'Hajdú-Bihar', NULL, NULL),
('Hencse', 'Somogy', NULL, NULL),
('Herceghalom', 'Pest', NULL, NULL),
('Hercegkút', 'Borsod-Abaúj-Zemplén', NULL, NULL),
('Hercegszántó', 'Bács-Kiskun', NULL, NULL),
('Heréd', 'Heves', NULL, NULL),
('Héreg', 'Komárom-Esztergom', NULL, NULL),
('Herencsény', 'Nógrád', NULL, NULL),
('Herend', 'Veszprém', NULL, NULL),
('Heresznye', 'Somogy', NULL, NULL),
('Hermánszeg', 'Szabolcs-Szatmár-Bereg', NULL, NULL),
('Hernád', 'Pest', NULL, NULL),
('Hernádbűd', 'Borsod-Abaúj-Zemplén', NULL, NULL),
('Hernádcéce', 'Borsod-Abaúj-Zemplén', NULL, NULL),
('Hernádkak', 'Borsod-Abaúj-Zemplén', NULL, NULL),
('Hernádkércs', 'Borsod-Abaúj-Zemplén', NULL, NULL),
('Hernádnémeti', 'Borsod-Abaúj-Zemplén', NULL, NULL),
('Hernádpetri', 'Borsod-Abaúj-Zemplén', NULL, NULL),
('Hernádszentandrás', 'Borsod-Abaúj-Zemplén', NULL, NULL),
('Hernádszurdok', 'Borsod-Abaúj-Zemplén', NULL, NULL),
('Hernádvécse', 'Borsod-Abaúj-Zemplén', NULL, NULL),
('Hernyék', 'Zala', NULL, NULL),
('Hét', 'Borsod-Abaúj-Zemplén', NULL, NULL),
('Hetefejércse', 'Szabolcs-Szatmár-Bereg', NULL, NULL),
('Hetes', 'Somogy', NULL, NULL),
('Hetvehely', 'Baranya', NULL, NULL),
('Hetyefő', 'Veszprém', NULL, NULL),
('Heves', 'Heves', NULL, NULL),
('Hevesaranyos', 'Heves', NULL, NULL),
('Hevesvezekény', 'Heves', NULL, NULL),
('Hévíz', 'Zala', NULL, NULL),
('Hévízgyörk', 'Pest', NULL, NULL),
('Hidas', 'Baranya', NULL, NULL),
('Hidasnémeti', 'Borsod-Abaúj-Zemplén', NULL, NULL),
('Hidegkút', 'Veszprém', NULL, NULL),
('Hidegség', 'Győr-Moson-Sopron', NULL, NULL),
('Hidvégardó', 'Borsod-Abaúj-Zemplén', NULL, NULL),
('Himesháza', 'Baranya', NULL, NULL),
('Himod', 'Győr-Moson-Sopron', NULL, NULL),
('Hirics', 'Baranya', NULL, NULL),
('Hobol', 'Baranya', NULL, NULL),
('Hodász', 'Szabolcs-Szatmár-Bereg', NULL, NULL),
('Hódmezővásárhely', 'Csongrád', NULL, NULL),
('Hollád', 'Somogy', NULL, NULL),
('Hollóháza', 'Borsod-Abaúj-Zemplén', NULL, NULL),
('Hollókő', 'Nógrád', NULL, NULL),
('Homokbödöge', 'Veszprém', NULL, NULL),
('Homokkomárom', 'Zala', NULL, NULL),
('Homokmégy', 'Bács-Kiskun', NULL, NULL),
('Homokszentgyörgy', 'Somogy', NULL, NULL),
('Homorúd', 'Baranya', NULL, NULL),
('Homrogd', 'Borsod-Abaúj-Zemplén', NULL, NULL),
('Hont', 'Nógrád', NULL, NULL),
('Horpács', 'Nógrád', NULL, NULL),
('Hort', 'Heves', NULL, NULL),
('Hortobágy', 'Hajdú-Bihar', NULL, NULL),
('Horváthertelend', 'Baranya', NULL, NULL),
('Horvátlövő', 'Vas', NULL, NULL),
('Horvátzsidány', 'Vas', NULL, NULL),
('Hosszúhetény', 'Baranya', NULL, NULL),
('Hosszúpályi', 'Hajdú-Bihar', NULL, NULL),
('Hosszúpereszteg', 'Vas', NULL, NULL),
('Hosszúvíz', 'Somogy', NULL, NULL),
('Hosszúvölgy', 'Zala', NULL, NULL),
('Hosztót', 'Veszprém', NULL, NULL),
('Hottó', 'Zala', NULL, NULL),
('Hőgyész', 'Tolna', NULL, NULL),
('Hövej', 'Győr-Moson-Sopron', NULL, NULL),
('Hugyag', 'Nógrád', NULL, NULL),
('Hunya', 'Békés', NULL, NULL),
('Hunyadfalva', 'Jász-Nagykun-Szolnok', NULL, NULL),
('Husztót', 'Baranya', NULL, NULL),
('Ibafa', 'Baranya', NULL, NULL),
('Iborfia', 'Zala', NULL, NULL),
('Ibrány', 'Szabolcs-Szatmár-Bereg', NULL, NULL),
('Igal', 'Somogy', NULL, NULL),
('Igar', 'Fejér', NULL, NULL),
('Igrici', 'Borsod-Abaúj-Zemplén', NULL, NULL),
('Iharos', 'Somogy', NULL, NULL),
('Iharosberény', 'Somogy', NULL, NULL),
('Ikervár', 'Vas', NULL, NULL),
('Iklad', 'Pest', NULL, NULL),
('Iklanberény', 'Vas', NULL, NULL),
('Iklódbördőce', 'Zala', NULL, NULL),
('Ikrény', 'Győr-Moson-Sopron', NULL, NULL),
('Iliny', 'Nógrád', NULL, NULL),
('Ilk', 'Szabolcs-Szatmár-Bereg', NULL, NULL),
('Illocska', 'Baranya', NULL, NULL),
('Imola', 'Borsod-Abaúj-Zemplén', NULL, NULL),
('Imrehegy', 'Bács-Kiskun', NULL, NULL),
('Ináncs', 'Borsod-Abaúj-Zemplén', NULL, NULL),
('Inárcs', 'Pest', NULL, NULL),
('Inke', 'Somogy', NULL, NULL),
('Ipacsfa', 'Baranya', NULL, NULL),
('Ipolydamásd', 'Pest', NULL, NULL),
('Ipolyszög', 'Nógrád', NULL, NULL),
('Ipolytarnóc', 'Nógrád', NULL, NULL),
('Ipolytölgyes', 'Pest', NULL, NULL),
('Ipolyvece', 'Nógrád', NULL, NULL),
('Iregszemcse', 'Tolna', NULL, NULL),
('Irota', 'Borsod-Abaúj-Zemplén', NULL, NULL),
('Isaszeg', 'Pest', NULL, NULL),
('Ispánk', 'Vas', NULL, NULL),
('Istenmezeje', 'Heves', NULL, NULL),
('Istvándi', 'Somogy', NULL, NULL),
('Iszkaszentgyörgy', 'Fejér', NULL, NULL),
('Iszkáz', 'Veszprém', NULL, NULL),
('Isztimér', 'Fejér', NULL, NULL),
('Ivád', 'Heves', NULL, NULL),
('Iván', 'Győr-Moson-Sopron', NULL, NULL),
('Ivánbattyán', 'Baranya', NULL, NULL),
('Ivánc', 'Vas', NULL, NULL),
('Iváncsa', 'Fejér', NULL, NULL),
('Ivándárda', 'Baranya', NULL, NULL),
('Izmény', 'Tolna', NULL, NULL),
('Izsák', 'Bács-Kiskun', NULL, NULL),
('Izsófalva', 'Borsod-Abaúj-Zemplén', NULL, NULL),
('Jágónak', 'Tolna', NULL, NULL),
('Ják', 'Vas', NULL, NULL),
('Jakabszállás', 'Bács-Kiskun', NULL, NULL),
('Jákfa', 'Vas', NULL, NULL),
('Jákfalva', 'Borsod-Abaúj-Zemplén', NULL, NULL),
('Jákó', 'Somogy', NULL, NULL),
('Jánd', 'Szabolcs-Szatmár-Bereg', NULL, NULL),
('Jánkmajtis', 'Szabolcs-Szatmár-Bereg', NULL, NULL),
('Jánoshalma', 'Bács-Kiskun', NULL, NULL),
('Jánosháza', 'Vas', NULL, NULL),
('Jánoshida', 'Jász-Nagykun-Szolnok', NULL, NULL),
('Jánossomorja', 'Győr-Moson-Sopron', NULL, NULL),
('Járdánháza', 'Borsod-Abaúj-Zemplén', NULL, NULL),
('Jármi', 'Szabolcs-Szatmár-Bereg', NULL, NULL),
('Jásd', 'Veszprém', NULL, NULL),
('Jászágó', 'Jász-Nagykun-Szolnok', NULL, NULL),
('Jászalsószentgyörgy', 'Jász-Nagykun-Szolnok', NULL, NULL),
('Jászapáti', 'Jász-Nagykun-Szolnok', NULL, NULL),
('Jászárokszállás', 'Jász-Nagykun-Szolnok', NULL, NULL),
('Jászberény', 'Jász-Nagykun-Szolnok', NULL, NULL),
('Jászboldogháza', 'Jász-Nagykun-Szolnok', NULL, NULL),
('Jászdózsa', 'Jász-Nagykun-Szolnok', NULL, NULL),
('Jászfelsőszentgyörgy', 'Jász-Nagykun-Szolnok', NULL, NULL),
('Jászfényszaru', 'Jász-Nagykun-Szolnok', NULL, NULL),
('Jászivány', 'Jász-Nagykun-Szolnok', NULL, NULL),
('Jászjákóhalma', 'Jász-Nagykun-Szolnok', NULL, NULL),
('Jászkarajenő', 'Pest', NULL, NULL),
('Jászkisér', 'Jász-Nagykun-Szolnok', NULL, NULL),
('Jászladány', 'Jász-Nagykun-Szolnok', NULL, NULL),
('Jászszentandrás', 'Jász-Nagykun-Szolnok', NULL, NULL),
('Jászszentlászló', 'Bács-Kiskun', NULL, NULL),
('Jásztelek', 'Jász-Nagykun-Szolnok', NULL, NULL),
('Jéke', 'Szabolcs-Szatmár-Bereg', NULL, NULL),
('Jenő', 'Fejér', NULL, NULL),
('Jobaháza', 'Győr-Moson-Sopron', NULL, NULL),
('Jobbágyi', 'Nógrád', NULL, NULL),
('Jósvafő', 'Borsod-Abaúj-Zemplén', NULL, NULL),
('Juta', 'Somogy', NULL, NULL),
('Kaba', 'Hajdú-Bihar', NULL, NULL),
('Kacorlak', 'Zala', NULL, NULL),
('Kács', 'Borsod-Abaúj-Zemplén', NULL, NULL),
('Kacsóta', 'Baranya', NULL, NULL),
('Kadarkút', 'Somogy', NULL, NULL),
('Kajárpéc', 'Győr-Moson-Sopron', NULL, NULL),
('Kajászó', 'Fejér', NULL, NULL),
('Kajdacs', 'Tolna', NULL, NULL),
('Kakasd', 'Tolna', NULL, NULL),
('Kákics', 'Baranya', NULL, NULL),
('Kakucs', 'Pest', NULL, NULL),
('Kál', 'Heves', NULL, NULL),
('Kalaznó', 'Tolna', NULL, NULL),
('Káld', 'Vas', NULL, NULL),
('Kálló', 'Nógrád', NULL, NULL),
('Kallósd', 'Zala', NULL, NULL),
('Kállósemjén', 'Szabolcs-Szatmár-Bereg', NULL, NULL),
('Kálmáncsa', 'Somogy', NULL, NULL),
('Kálmánháza', 'Szabolcs-Szatmár-Bereg', NULL, NULL),
('Kálócfa', 'Zala', NULL, NULL),
('Kalocsa', 'Bács-Kiskun', NULL, NULL),
('Káloz', 'Fejér', NULL, NULL),
('Kám', 'Vas', NULL, NULL),
('Kamond', 'Veszprém', NULL, NULL),
('Kamut', 'Békés', NULL, NULL),
('Kánó', 'Borsod-Abaúj-Zemplén', NULL, NULL),
('Kántorjánosi', 'Szabolcs-Szatmár-Bereg', NULL, NULL),
('Kány', 'Borsod-Abaúj-Zemplén', NULL, NULL),
('Kánya', 'Somogy', NULL, NULL),
('Kányavár', 'Zala', NULL, NULL),
('Kapolcs', 'Veszprém', NULL, NULL),
('Kápolna', 'Heves', NULL, NULL),
('Kápolnásnyék', 'Fejér', NULL, NULL),
('Kapoly', 'Somogy', NULL, NULL),
('Kaposfő', 'Somogy', NULL, NULL),
('Kaposgyarmat', 'Somogy', NULL, NULL),
('Kaposhomok', 'Somogy', NULL, NULL),
('Kaposkeresztúr', 'Somogy', NULL, NULL),
('Kaposmérő', 'Somogy', NULL, NULL),
('Kapospula', 'Tolna', NULL, NULL),
('Kaposszekcső', 'Tolna', NULL, NULL),
('Kaposszerdahely', 'Somogy', NULL, NULL),
('Kaposújlak', 'Somogy', NULL, NULL),
('Kaposvár', 'Somogy', NULL, NULL),
('Káptalanfa', 'Veszprém', NULL, NULL),
('Káptalantóti', 'Veszprém', NULL, NULL),
('Kapuvár', 'Győr-Moson-Sopron', NULL, NULL),
('Kára', 'Somogy', NULL, NULL),
('Karácsond', 'Heves', NULL, NULL),
('Karád', 'Somogy', NULL, NULL),
('Karakó', 'Vas', NULL, NULL),
('Karakószörcsök', 'Veszprém', NULL, NULL),
('Karancsalja', 'Nógrád', NULL, NULL),
('Karancsberény', 'Nógrád', NULL, NULL),
('Karancskeszi', 'Nógrád', NULL, NULL),
('Karancslapujtő', 'Nógrád', NULL, NULL),
('Karancsság', 'Nógrád', NULL, NULL),
('Kárász', 'Baranya', NULL, NULL),
('Karcag', 'Jász-Nagykun-Szolnok', NULL, NULL),
('Karcsa', 'Borsod-Abaúj-Zemplén', NULL, NULL),
('Kardos', 'Békés', NULL, NULL),
('Kardoskút', 'Békés', NULL, NULL),
('Karmacs', 'Zala', NULL, NULL),
('Károlyháza', 'Győr-Moson-Sopron', NULL, NULL),
('Karos', 'Borsod-Abaúj-Zemplén', NULL, NULL),
('Kartal', 'Pest', NULL, NULL),
('Kásád', 'Baranya', NULL, NULL),
('Kaskantyú', 'Bács-Kiskun', NULL, NULL),
('Kastélyosdombó', 'Somogy', NULL, NULL),
('Kaszaper', 'Békés', NULL, NULL),
('Kaszó', 'Somogy', NULL, NULL),
('Katádfa', 'Baranya', NULL, NULL),
('Katafa', 'Vas', NULL, NULL),
('Kátoly', 'Baranya', NULL, NULL),
('Katymár', 'Bács-Kiskun', NULL, NULL),
('Káva', 'Pest', NULL, NULL),
('Kávás', 'Zala', NULL, NULL),
('Kazár', 'Nógrád', NULL, NULL),
('Kazincbarcika', 'Borsod-Abaúj-Zemplén', NULL, NULL),
('Kázsmárk', 'Borsod-Abaúj-Zemplén', NULL, NULL),
('Kazsok', 'Somogy', NULL, NULL),
('Kecel', 'Bács-Kiskun', NULL, NULL),
('Kecskéd', 'Komárom-Esztergom', NULL, NULL),
('Kecskemét', 'Bács-Kiskun', NULL, NULL),
('Kehidakustány', 'Zala', NULL, NULL),
('Kék', 'Szabolcs-Szatmár-Bereg', NULL, NULL),
('Kékcse', 'Szabolcs-Szatmár-Bereg', NULL, NULL),
('Kéked', 'Borsod-Abaúj-Zemplén', NULL, NULL),
('Kékesd', 'Baranya', NULL, NULL),
('Kékkút', 'Veszprém', NULL, NULL),
('Kelebia', 'Bács-Kiskun', NULL, NULL),
('Keléd', 'Vas', NULL, NULL),
('Kelemér', 'Borsod-Abaúj-Zemplén', NULL, NULL),
('Kéleshalom', 'Bács-Kiskun', NULL, NULL),
('Kelevíz', 'Somogy', NULL, NULL),
('Kemecse', 'Szabolcs-Szatmár-Bereg', NULL, NULL),
('Kemence', 'Pest', NULL, NULL),
('Kemendollár', 'Zala', NULL, NULL),
('Kemeneshőgyész', 'Veszprém', NULL, NULL),
('Kemeneskápolna', 'Vas', NULL, NULL),
('Kemenesmagasi', 'Vas', NULL, NULL),
('Kemenesmihályfa', 'Vas', NULL, NULL),
('Kemenespálfa', 'Vas', NULL, NULL),
('Kemenessömjén', 'Vas', NULL, NULL),
('Kemenesszentmárton', 'Vas', NULL, NULL),
('Kemenesszentpéter', 'Veszprém', NULL, NULL),
('Keménfa', 'Zala', NULL, NULL),
('Kémes', 'Baranya', NULL, NULL),
('Kemestaródfa', 'Vas', NULL, NULL),
('Kemse', 'Baranya', NULL, NULL),
('Kenderes', 'Jász-Nagykun-Szolnok', NULL, NULL);
INSERT INTO `telepulesek` (`nev`, `megye`, `leiras`, `kep`) VALUES
('Kenéz', 'Vas', NULL, NULL),
('Kenézlő', 'Borsod-Abaúj-Zemplén', NULL, NULL),
('Kengyel', 'Jász-Nagykun-Szolnok', NULL, NULL),
('Kenyeri', 'Vas', NULL, NULL),
('Kercaszomor', 'Vas', NULL, NULL),
('Kercseliget', 'Somogy', NULL, NULL),
('Kerecsend', 'Heves', NULL, NULL),
('Kerecseny', 'Zala', NULL, NULL),
('Kerekegyháza', 'Bács-Kiskun', NULL, NULL),
('Kerekharaszt', 'Heves', NULL, NULL),
('Kereki', 'Somogy', NULL, NULL),
('Kerékteleki', 'Komárom-Esztergom', NULL, NULL),
('Kerepes', 'Pest', NULL, NULL),
('Keresztéte', 'Borsod-Abaúj-Zemplén', NULL, NULL),
('Kerkabarabás', 'Zala', NULL, NULL),
('Kerkafalva', 'Zala', NULL, NULL),
('Kerkakutas', 'Zala', NULL, NULL),
('Kerkáskápolna', 'Vas', NULL, NULL),
('Kerkaszentkirály', 'Zala', NULL, NULL),
('Kerkateskánd', 'Zala', NULL, NULL),
('Kérsemjén', 'Szabolcs-Szatmár-Bereg', NULL, NULL),
('Kerta', 'Veszprém', NULL, NULL),
('Kertészsziget', 'Békés', NULL, NULL),
('Keszeg', 'Nógrád', NULL, NULL),
('Kesznyéten', 'Borsod-Abaúj-Zemplén', NULL, NULL),
('Keszőhidegkút', 'Tolna', NULL, NULL),
('Keszthely', 'Zala', NULL, NULL),
('Kesztölc', 'Komárom-Esztergom', NULL, NULL),
('Keszü', 'Baranya', NULL, NULL),
('Kétbodony', 'Nógrád', NULL, NULL),
('Kétegyháza', 'Békés', NULL, NULL),
('Kéthely', 'Somogy', NULL, NULL),
('Kétpó', 'Jász-Nagykun-Szolnok', NULL, NULL),
('Kétsoprony', 'Békés', NULL, NULL),
('Kétújfalu', 'Baranya', NULL, NULL),
('Kétvölgy', 'Vas', NULL, NULL),
('Kéty', 'Tolna', NULL, NULL),
('Kevermes', 'Békés', NULL, NULL),
('Kilimán', 'Zala', NULL, NULL),
('Kimle', 'Győr-Moson-Sopron', NULL, NULL),
('Kincsesbánya', 'Fejér', NULL, NULL),
('Királd', 'Borsod-Abaúj-Zemplén', NULL, NULL),
('Királyegyháza', 'Baranya', NULL, NULL),
('Királyhegyes', 'Csongrád', NULL, NULL),
('Királyszentistván', 'Veszprém', NULL, NULL),
('Kisapáti', 'Veszprém', NULL, NULL),
('Kisapostag', 'Fejér', NULL, NULL),
('Kisar', 'Szabolcs-Szatmár-Bereg', NULL, NULL),
('Kisasszond', 'Somogy', NULL, NULL),
('Kisasszonyfa', 'Baranya', NULL, NULL),
('Kisbabot', 'Győr-Moson-Sopron', NULL, NULL),
('Kisbágyon', 'Nógrád', NULL, NULL),
('Kisbajcs', 'Győr-Moson-Sopron', NULL, NULL),
('Kisbajom', 'Somogy', NULL, NULL),
('Kisbárapáti', 'Somogy', NULL, NULL),
('Kisbárkány', 'Nógrád', NULL, NULL),
('Kisbér', 'Komárom-Esztergom', NULL, NULL),
('Kisberény', 'Somogy', NULL, NULL),
('Kisberzseny', 'Veszprém', NULL, NULL),
('Kisbeszterce', 'Baranya', NULL, NULL),
('Kisbodak', 'Győr-Moson-Sopron', NULL, NULL),
('Kisbucsa', 'Zala', NULL, NULL),
('Kisbudmér', 'Baranya', NULL, NULL),
('Kiscsécs', 'Borsod-Abaúj-Zemplén', NULL, NULL),
('Kiscsehi', 'Zala', NULL, NULL),
('Kiscsősz', 'Veszprém', NULL, NULL),
('Kisdér', 'Baranya', NULL, NULL),
('Kisdobsza', 'Baranya', NULL, NULL),
('Kisdombegyház', 'Békés', NULL, NULL),
('Kisdorog', 'Tolna', NULL, NULL),
('Kisecset', 'Nógrád', NULL, NULL),
('Kisfalud', 'Győr-Moson-Sopron', NULL, NULL),
('Kisfüzes', 'Heves', NULL, NULL),
('Kisgörbő', 'Zala', NULL, NULL),
('Kisgyalán', 'Somogy', NULL, NULL),
('Kisgyőr', 'Borsod-Abaúj-Zemplén', NULL, NULL),
('Kishajmás', 'Baranya', NULL, NULL),
('Kisharsány', 'Baranya', NULL, NULL),
('Kishartyán', 'Nógrád', NULL, NULL),
('Kisherend', 'Baranya', NULL, NULL),
('Kishódos', 'Szabolcs-Szatmár-Bereg', NULL, NULL),
('Kishuta', 'Borsod-Abaúj-Zemplén', NULL, NULL),
('Kisigmánd', 'Komárom-Esztergom', NULL, NULL),
('Kisjakabfalva', 'Baranya', NULL, NULL),
('Kiskassa', 'Baranya', NULL, NULL),
('Kiskinizs', 'Borsod-Abaúj-Zemplén', NULL, NULL),
('Kiskorpád', 'Somogy', NULL, NULL),
('Kisköre', 'Heves', NULL, NULL),
('Kiskőrös', 'Bács-Kiskun', NULL, NULL),
('Kiskunfélegyháza', 'Bács-Kiskun', NULL, NULL),
('Kiskunhalas', 'Bács-Kiskun', NULL, NULL),
('Kiskunlacháza', 'Pest', NULL, NULL),
('Kiskunmajsa', 'Bács-Kiskun', NULL, NULL),
('Kiskutas', 'Zala', NULL, NULL),
('Kisláng', 'Fejér', NULL, NULL),
('Kisléta', 'Szabolcs-Szatmár-Bereg', NULL, NULL),
('Kislippó', 'Baranya', NULL, NULL),
('Kislőd', 'Veszprém', NULL, NULL),
('Kismányok', 'Tolna', NULL, NULL),
('Kismarja', 'Hajdú-Bihar', NULL, NULL),
('Kismaros', 'Pest', NULL, NULL),
('Kisnamény', 'Szabolcs-Szatmár-Bereg', NULL, NULL),
('Kisnána', 'Heves', NULL, NULL),
('Kisnémedi', 'Pest', NULL, NULL),
('Kisnyárád', 'Baranya', NULL, NULL),
('Kisoroszi', 'Pest', NULL, NULL),
('Kispalád', 'Szabolcs-Szatmár-Bereg', NULL, NULL),
('Kispáli', 'Zala', NULL, NULL),
('Kispirit', 'Veszprém', NULL, NULL),
('Kisrákos', 'Vas', NULL, NULL),
('Kisrécse', 'Zala', NULL, NULL),
('Kisrozvágy', 'Borsod-Abaúj-Zemplén', NULL, NULL),
('Kissikátor', 'Borsod-Abaúj-Zemplén', NULL, NULL),
('Kissomlyó', 'Vas', NULL, NULL),
('Kisszállás', 'Bács-Kiskun', NULL, NULL),
('Kisszékely', 'Tolna', NULL, NULL),
('Kisszekeres', 'Szabolcs-Szatmár-Bereg', NULL, NULL),
('Kisszentmárton', 'Baranya', NULL, NULL),
('Kissziget', 'Zala', NULL, NULL),
('Kisszőlős', 'Veszprém', NULL, NULL),
('Kistamási', 'Baranya', NULL, NULL),
('Kistapolca', 'Baranya', NULL, NULL),
('Kistarcsa', 'Pest', NULL, NULL),
('Kistelek', 'Csongrád', NULL, NULL),
('Kistokaj', 'Borsod-Abaúj-Zemplén', NULL, NULL),
('Kistolmács', 'Zala', NULL, NULL),
('Kistormás', 'Tolna', NULL, NULL),
('Kistótfalu', 'Baranya', NULL, NULL),
('Kisújszállás', 'Jász-Nagykun-Szolnok', NULL, NULL),
('Kisunyom', 'Vas', NULL, NULL),
('Kisvárda', 'Szabolcs-Szatmár-Bereg', NULL, NULL),
('Kisvarsány', 'Szabolcs-Szatmár-Bereg', NULL, NULL),
('Kisvásárhely', 'Zala', NULL, NULL),
('Kisvaszar', 'Baranya', NULL, NULL),
('Kisvejke', 'Tolna', NULL, NULL),
('Kiszombor', 'Csongrád', NULL, NULL),
('Kiszsidány', 'Vas', NULL, NULL),
('Klárafalva', 'Csongrád', NULL, NULL),
('Kocs', 'Komárom-Esztergom', NULL, NULL),
('Kocsér', 'Pest', NULL, NULL),
('Kocsola', 'Tolna', NULL, NULL),
('Kocsord', 'Szabolcs-Szatmár-Bereg', NULL, NULL),
('Kóka', 'Pest', NULL, NULL),
('Kokad', 'Hajdú-Bihar', NULL, NULL),
('Kolontár', 'Veszprém', NULL, NULL),
('Komádi', 'Hajdú-Bihar', NULL, NULL),
('Komárom', 'Komárom-Esztergom', NULL, NULL),
('Komjáti', 'Borsod-Abaúj-Zemplén', NULL, NULL),
('Komló', 'Baranya', NULL, NULL),
('Komlódtótfalu', 'Szabolcs-Szatmár-Bereg', NULL, NULL),
('Komlósd', 'Somogy', NULL, NULL),
('Komlóska', 'Borsod-Abaúj-Zemplén', NULL, NULL),
('Komoró', 'Szabolcs-Szatmár-Bereg', NULL, NULL),
('Kompolt', 'Heves', NULL, NULL),
('Kondó', 'Borsod-Abaúj-Zemplén', NULL, NULL),
('Kondorfa', 'Vas', NULL, NULL),
('Kondoros', 'Békés', NULL, NULL),
('Kóny', 'Győr-Moson-Sopron', NULL, NULL),
('Konyár', 'Hajdú-Bihar', NULL, NULL),
('Kópháza', 'Győr-Moson-Sopron', NULL, NULL),
('Koppányszántó', 'Tolna', NULL, NULL),
('Korlát', 'Borsod-Abaúj-Zemplén', NULL, NULL),
('Koroncó', 'Győr-Moson-Sopron', NULL, NULL),
('Kórós', 'Baranya', NULL, NULL),
('Kosd', 'Pest', NULL, NULL),
('Kóspallag', 'Pest', NULL, NULL),
('Kótaj', 'Szabolcs-Szatmár-Bereg', NULL, NULL),
('Kovácshida', 'Baranya', NULL, NULL),
('Kovácsszénája', 'Baranya', NULL, NULL),
('Kovácsvágás', 'Borsod-Abaúj-Zemplén', NULL, NULL),
('Kozárd', 'Nógrád', NULL, NULL),
('Kozármisleny', 'Baranya', NULL, NULL),
('Kozmadombja', 'Zala', NULL, NULL),
('Köblény', 'Baranya', NULL, NULL),
('Köcsk', 'Vas', NULL, NULL),
('Kökény', 'Baranya', NULL, NULL),
('Kőkút', 'Somogy', NULL, NULL),
('Kölcse', 'Szabolcs-Szatmár-Bereg', NULL, NULL),
('Kölesd', 'Tolna', NULL, NULL),
('Kölked', 'Baranya', NULL, NULL),
('Kömlő', 'Heves', NULL, NULL),
('Kömlőd', 'Komárom-Esztergom', NULL, NULL),
('Kömörő', 'Szabolcs-Szatmár-Bereg', NULL, NULL),
('Kömpöc', 'Bács-Kiskun', NULL, NULL),
('Körmend', 'Vas', NULL, NULL),
('Környe', 'Komárom-Esztergom', NULL, NULL),
('Köröm', 'Borsod-Abaúj-Zemplén', NULL, NULL),
('Kőröshegy', 'Somogy', NULL, NULL),
('Körösladány', 'Békés', NULL, NULL),
('Körösnagyharsány', 'Békés', NULL, NULL),
('Körösszakál', 'Hajdú-Bihar', NULL, NULL),
('Körösszegapáti', 'Hajdú-Bihar', NULL, NULL),
('Köröstarcsa', 'Békés', NULL, NULL),
('Kőröstetétlen', 'Pest', NULL, NULL),
('Körösújfalu', 'Békés', NULL, NULL),
('Kőszárhegy', 'Fejér', NULL, NULL),
('Kőszeg', 'Vas', NULL, NULL),
('Kőszegdoroszló', 'Vas', NULL, NULL),
('Kőszegpaty', 'Vas', NULL, NULL),
('Kőszegszerdahely', 'Vas', NULL, NULL),
('Kötcse', 'Somogy', NULL, NULL),
('Kötegyán', 'Békés', NULL, NULL),
('Kőtelek', 'Jász-Nagykun-Szolnok', NULL, NULL),
('Kővágóörs', 'Veszprém', NULL, NULL),
('Kővágószőlős', 'Baranya', NULL, NULL),
('Kővágótöttös', 'Baranya', NULL, NULL),
('Kövegy', 'Csongrád', NULL, NULL),
('Köveskál', 'Veszprém', NULL, NULL),
('Krasznokvajda', 'Borsod-Abaúj-Zemplén', NULL, NULL),
('Kulcs', 'Fejér', NULL, NULL),
('Kunadacs', 'Bács-Kiskun', NULL, NULL),
('Kunágota', 'Békés', NULL, NULL),
('Kunbaja', 'Bács-Kiskun', NULL, NULL),
('Kunbaracs', 'Bács-Kiskun', NULL, NULL),
('Kuncsorba', 'Jász-Nagykun-Szolnok', NULL, NULL),
('Kunfehértó', 'Bács-Kiskun', NULL, NULL),
('Kunhegyes', 'Jász-Nagykun-Szolnok', NULL, NULL),
('Kunmadaras', 'Jász-Nagykun-Szolnok', NULL, NULL),
('Kunpeszér', 'Bács-Kiskun', NULL, NULL),
('Kunszállás', 'Bács-Kiskun', NULL, NULL),
('Kunszentmárton', 'Jász-Nagykun-Szolnok', NULL, NULL),
('Kunszentmiklós', 'Bács-Kiskun', NULL, NULL),
('Kunsziget', 'Győr-Moson-Sopron', NULL, NULL),
('Kup', 'Veszprém', NULL, NULL),
('Kupa', 'Borsod-Abaúj-Zemplén', NULL, NULL),
('Kurd', 'Tolna', NULL, NULL),
('Kurityán', 'Borsod-Abaúj-Zemplén', NULL, NULL),
('Kustánszeg', 'Zala', NULL, NULL),
('Kutas', 'Somogy', NULL, NULL),
('Kutasó', 'Nógrád', NULL, NULL),
('Kübekháza', 'Csongrád', NULL, NULL),
('Külsősárd', 'Zala', NULL, NULL),
('Külsővat', 'Veszprém', NULL, NULL),
('Küngös', 'Veszprém', NULL, NULL),
('Lábatlan', 'Komárom-Esztergom', NULL, NULL),
('Lábod', 'Somogy', NULL, NULL),
('Lácacséke', 'Borsod-Abaúj-Zemplén', NULL, NULL),
('Lad', 'Somogy', NULL, NULL),
('Ladánybene', 'Bács-Kiskun', NULL, NULL),
('Ládbesenyő', 'Borsod-Abaúj-Zemplén', NULL, NULL),
('Lajoskomárom', 'Fejér', NULL, NULL),
('Lajosmizse', 'Bács-Kiskun', NULL, NULL),
('Lak', 'Borsod-Abaúj-Zemplén', NULL, NULL),
('Lakhegy', 'Zala', NULL, NULL),
('Lakitelek', 'Bács-Kiskun', NULL, NULL),
('Lakócsa', 'Somogy', NULL, NULL),
('Lánycsók', 'Baranya', NULL, NULL),
('Lápafő', 'Tolna', NULL, NULL),
('Lapáncsa', 'Baranya', NULL, NULL),
('Laskod', 'Szabolcs-Szatmár-Bereg', NULL, NULL),
('Lasztonya', 'Zala', NULL, NULL),
('Látrány', 'Somogy', NULL, NULL),
('Lázi', 'Győr-Moson-Sopron', NULL, NULL),
('Leányfalu', 'Pest', NULL, NULL),
('Leányvár', 'Komárom-Esztergom', NULL, NULL),
('Lébény', 'Győr-Moson-Sopron', NULL, NULL),
('Legénd', 'Nógrád', NULL, NULL),
('Legyesbénye', 'Borsod-Abaúj-Zemplén', NULL, NULL),
('Léh', 'Borsod-Abaúj-Zemplén', NULL, NULL),
('Lénárddaróc', 'Borsod-Abaúj-Zemplén', NULL, NULL),
('Lendvadedes', 'Zala', NULL, NULL),
('Lendvajakabfa', 'Zala', NULL, NULL),
('Lengyel', 'Tolna', NULL, NULL),
('Lengyeltóti', 'Somogy', NULL, NULL),
('Lenti', 'Zala', NULL, NULL),
('Lepsény', 'Fejér', NULL, NULL),
('Lesencefalu', 'Veszprém', NULL, NULL),
('Lesenceistvánd', 'Veszprém', NULL, NULL),
('Lesencetomaj', 'Veszprém', NULL, NULL),
('Létavértes', 'Hajdú-Bihar', NULL, NULL),
('Letenye', 'Zala', NULL, NULL),
('Letkés', 'Pest', NULL, NULL),
('Levél', 'Győr-Moson-Sopron', NULL, NULL),
('Levelek', 'Szabolcs-Szatmár-Bereg', NULL, NULL),
('Libickozma', 'Somogy', NULL, NULL),
('Lickóvadamos', 'Zala', NULL, NULL),
('Liget', 'Baranya', NULL, NULL),
('Ligetfalva', 'Zala', NULL, NULL),
('Lipót', 'Győr-Moson-Sopron', NULL, NULL),
('Lippó', 'Baranya', NULL, NULL),
('Liptód', 'Baranya', NULL, NULL),
('Lispeszentadorján', 'Zala', NULL, NULL),
('Liszó', 'Zala', NULL, NULL),
('Litér', 'Veszprém', NULL, NULL),
('Litka', 'Borsod-Abaúj-Zemplén', NULL, NULL),
('Litke', 'Nógrád', NULL, NULL),
('Lócs', 'Vas', NULL, NULL),
('Lókút', 'Veszprém', NULL, NULL),
('Lónya', 'Szabolcs-Szatmár-Bereg', NULL, NULL),
('Lórév', 'Pest', NULL, NULL),
('Lothárd', 'Baranya', NULL, NULL),
('Lovas', 'Veszprém', NULL, NULL),
('Lovasberény', 'Fejér', NULL, NULL),
('Lovászhetény', 'Baranya', NULL, NULL),
('Lovászi', 'Zala', NULL, NULL),
('Lovászpatona', 'Veszprém', NULL, NULL),
('Lőkösháza', 'Békés', NULL, NULL),
('Lőrinci', 'Heves', NULL, NULL),
('Lövő', 'Győr-Moson-Sopron', NULL, NULL),
('Lövőpetri', 'Szabolcs-Szatmár-Bereg', NULL, NULL),
('Lucfalva', 'Nógrád', NULL, NULL),
('Ludányhalászi', 'Nógrád', NULL, NULL),
('Ludas', 'Heves', NULL, NULL),
('Lukácsháza', 'Vas', NULL, NULL),
('Lulla', 'Somogy', NULL, NULL),
('Lúzsok', 'Baranya', NULL, NULL),
('Mád', 'Borsod-Abaúj-Zemplén', NULL, NULL),
('Madaras', 'Bács-Kiskun', NULL, NULL),
('Madocsa', 'Tolna', NULL, NULL),
('Maglóca', 'Győr-Moson-Sopron', NULL, NULL),
('Maglód', 'Pest', NULL, NULL),
('Mágocs', 'Baranya', NULL, NULL),
('Magosliget', 'Szabolcs-Szatmár-Bereg', NULL, NULL),
('Magy', 'Szabolcs-Szatmár-Bereg', NULL, NULL),
('Magyaralmás', 'Fejér', NULL, NULL),
('Magyaratád', 'Somogy', NULL, NULL),
('Magyarbánhegyes', 'Békés', NULL, NULL),
('Magyarbóly', 'Baranya', NULL, NULL),
('Magyarcsanád', 'Csongrád', NULL, NULL),
('Magyardombegyház', 'Békés', NULL, NULL),
('Magyaregregy', 'Baranya', NULL, NULL),
('Magyaregres', 'Somogy', NULL, NULL),
('Magyarföld', 'Zala', NULL, NULL),
('Magyargéc', 'Nógrád', NULL, NULL),
('Magyargencs', 'Veszprém', NULL, NULL),
('Magyarhertelend', 'Baranya', NULL, NULL),
('Magyarhomorog', 'Hajdú-Bihar', NULL, NULL),
('Magyarkeresztúr', 'Győr-Moson-Sopron', NULL, NULL),
('Magyarkeszi', 'Tolna', NULL, NULL),
('Magyarlak', 'Vas', NULL, NULL),
('Magyarlukafa', 'Baranya', NULL, NULL),
('Magyarmecske', 'Baranya', NULL, NULL),
('Magyarnádalja', 'Vas', NULL, NULL),
('Magyarnándor', 'Nógrád', NULL, NULL),
('Magyarpolány', 'Veszprém', NULL, NULL),
('Magyarsarlós', 'Baranya', NULL, NULL),
('Magyarszecsőd', 'Vas', NULL, NULL),
('Magyarszék', 'Baranya', NULL, NULL),
('Magyarszentmiklós', 'Zala', NULL, NULL),
('Magyarszerdahely', 'Zala', NULL, NULL),
('Magyarszombatfa', 'Vas', NULL, NULL),
('Magyartelek', 'Baranya', NULL, NULL),
('Majosháza', 'Pest', NULL, NULL),
('Majs', 'Baranya', NULL, NULL),
('Makád', 'Pest', NULL, NULL),
('Makkoshotyka', 'Borsod-Abaúj-Zemplén', NULL, NULL),
('Maklár', 'Heves', NULL, NULL),
('Makó', 'Csongrád', NULL, NULL),
('Malomsok', 'Veszprém', NULL, NULL),
('Mályi', 'Borsod-Abaúj-Zemplén', NULL, NULL),
('Mályinka', 'Borsod-Abaúj-Zemplén', NULL, NULL),
('Mánd', 'Szabolcs-Szatmár-Bereg', NULL, NULL),
('Mándok', 'Szabolcs-Szatmár-Bereg', NULL, NULL),
('Mánfa', 'Baranya', NULL, NULL),
('Mány', 'Fejér', NULL, NULL),
('Maráza', 'Baranya', NULL, NULL),
('Marcalgergelyi', 'Veszprém', NULL, NULL),
('Marcali', 'Somogy', NULL, NULL),
('Marcaltő', 'Veszprém', NULL, NULL),
('Márfa', 'Baranya', NULL, NULL),
('Máriahalom', 'Komárom-Esztergom', NULL, NULL),
('Máriakálnok', 'Győr-Moson-Sopron', NULL, NULL),
('Máriakéménd', 'Baranya', NULL, NULL),
('Márianosztra', 'Pest', NULL, NULL),
('Máriapócs', 'Szabolcs-Szatmár-Bereg', NULL, NULL),
('Markaz', 'Heves', NULL, NULL),
('Márkháza', 'Nógrád', NULL, NULL),
('Márkó', 'Veszprém', NULL, NULL),
('Markóc', 'Baranya', NULL, NULL),
('Markotabödöge', 'Győr-Moson-Sopron', NULL, NULL),
('Maróc', 'Zala', NULL, NULL),
('Marócsa', 'Baranya', NULL, NULL),
('Márok', 'Baranya', NULL, NULL),
('Márokföld', 'Zala', NULL, NULL),
('Márokpapi', 'Szabolcs-Szatmár-Bereg', NULL, NULL),
('Maroslele', 'Csongrád', NULL, NULL),
('Mártély', 'Csongrád', NULL, NULL),
('Martfű', 'Jász-Nagykun-Szolnok', NULL, NULL),
('Martonfa', 'Baranya', NULL, NULL),
('Martonvásár', 'Fejér', NULL, NULL),
('Martonyi', 'Borsod-Abaúj-Zemplén', NULL, NULL),
('Mátészalka', 'Szabolcs-Szatmár-Bereg', NULL, NULL),
('Mátételke', 'Bács-Kiskun', NULL, NULL),
('Mátraballa', 'Heves', NULL, NULL),
('Mátraderecske', 'Heves', NULL, NULL),
('Mátramindszent', 'Nógrád', NULL, NULL),
('Mátranovák', 'Nógrád', NULL, NULL),
('Mátraszele', 'Nógrád', NULL, NULL),
('Mátraszentimre', 'Heves', NULL, NULL),
('Mátraszőlős', 'Nógrád', NULL, NULL),
('Mátraterenye', 'Nógrád', NULL, NULL),
('Mátraverebély', 'Nógrád', NULL, NULL),
('Matty', 'Baranya', NULL, NULL),
('Mátyásdomb', 'Fejér', NULL, NULL),
('Mátyus', 'Szabolcs-Szatmár-Bereg', NULL, NULL),
('Máza', 'Baranya', NULL, NULL),
('Mecseknádasd', 'Baranya', NULL, NULL),
('Mecsekpölöske', 'Baranya', NULL, NULL),
('Mecsér', 'Győr-Moson-Sopron', NULL, NULL),
('Medgyesbodzás', 'Békés', NULL, NULL),
('Medgyesegyháza', 'Békés', NULL, NULL),
('Medina', 'Tolna', NULL, NULL),
('Meggyeskovácsi', 'Vas', NULL, NULL),
('Megyaszó', 'Borsod-Abaúj-Zemplén', NULL, NULL),
('Megyehíd', 'Vas', NULL, NULL),
('Megyer', 'Veszprém', NULL, NULL),
('Méhkerék', 'Békés', NULL, NULL),
('Méhtelek', 'Szabolcs-Szatmár-Bereg', NULL, NULL),
('Mekényes', 'Baranya', NULL, NULL),
('Mélykút', 'Bács-Kiskun', NULL, NULL),
('Mencshely', 'Veszprém', NULL, NULL),
('Mende', 'Pest', NULL, NULL),
('Méra', 'Borsod-Abaúj-Zemplén', NULL, NULL),
('Merenye', 'Baranya', NULL, NULL),
('Mérges', 'Győr-Moson-Sopron', NULL, NULL),
('Mérk', 'Szabolcs-Szatmár-Bereg', NULL, NULL),
('Mernye', 'Somogy', NULL, NULL),
('Mersevát', 'Vas', NULL, NULL),
('Mesterháza', 'Vas', NULL, NULL),
('Mesteri', 'Vas', NULL, NULL),
('Mesterszállás', 'Jász-Nagykun-Szolnok', NULL, NULL),
('Meszes', 'Borsod-Abaúj-Zemplén', NULL, NULL),
('Meszlen', 'Vas', NULL, NULL),
('Mesztegnyő', 'Somogy', NULL, NULL),
('Mezőberény', 'Békés', NULL, NULL),
('Mezőcsát', 'Borsod-Abaúj-Zemplén', NULL, NULL),
('Mezőcsokonya', 'Somogy', NULL, NULL),
('Meződ', 'Baranya', NULL, NULL),
('Mezőfalva', 'Fejér', NULL, NULL),
('Mezőgyán', 'Békés', NULL, NULL),
('Mezőhegyes', 'Békés', NULL, NULL),
('Mezőhék', 'Jász-Nagykun-Szolnok', NULL, NULL),
('Mezőkeresztes', 'Borsod-Abaúj-Zemplén', NULL, NULL),
('Mezőkomárom', 'Fejér', NULL, NULL),
('Mezőkovácsháza', 'Békés', NULL, NULL),
('Mezőkövesd', 'Borsod-Abaúj-Zemplén', NULL, NULL),
('Mezőladány', 'Szabolcs-Szatmár-Bereg', NULL, NULL),
('Mezőlak', 'Veszprém', NULL, NULL),
('Mezőnagymihály', 'Borsod-Abaúj-Zemplén', NULL, NULL),
('Mezőnyárád', 'Borsod-Abaúj-Zemplén', NULL, NULL),
('Mezőörs', 'Győr-Moson-Sopron', NULL, NULL),
('Mezőpeterd', 'Hajdú-Bihar', NULL, NULL),
('Mezősas', 'Hajdú-Bihar', NULL, NULL),
('Mezőszemere', 'Heves', NULL, NULL),
('Mezőszentgyörgy', 'Fejér', NULL, NULL),
('Mezőszilas', 'Fejér', NULL, NULL),
('Mezőtárkány', 'Heves', NULL, NULL),
('Mezőtúr', 'Jász-Nagykun-Szolnok', NULL, NULL),
('Mezőzombor', 'Borsod-Abaúj-Zemplén', NULL, NULL),
('Miháld', 'Zala', NULL, NULL),
('Mihályfa', 'Zala', NULL, NULL),
('Mihálygerge', 'Nógrád', NULL, NULL),
('Mihályháza', 'Veszprém', NULL, NULL),
('Mihályi', 'Győr-Moson-Sopron', NULL, NULL),
('Mike', 'Somogy', NULL, NULL),
('Mikebuda', 'Pest', NULL, NULL),
('Mikekarácsonyfa', 'Zala', NULL, NULL),
('Mikepércs', 'Hajdú-Bihar', NULL, NULL),
('Miklósi', 'Somogy', NULL, NULL),
('Mikófalva', 'Heves', NULL, NULL),
('Mikóháza', 'Borsod-Abaúj-Zemplén', NULL, NULL),
('Mikosszéplak', 'Vas', NULL, NULL),
('Milejszeg', 'Zala', NULL, NULL),
('Milota', 'Szabolcs-Szatmár-Bereg', NULL, NULL),
('Mindszent', 'Csongrád', NULL, NULL),
('Mindszentgodisa', 'Baranya', NULL, NULL),
('Mindszentkálla', 'Veszprém', NULL, NULL),
('Misefa', 'Zala', NULL, NULL),
('Miske', 'Bács-Kiskun', NULL, NULL),
('Miskolc', 'Borsod-Abaúj-Zemplén', 'Miskolc gazdag történelemmel é', NULL),
('Miszla', 'Tolna', NULL, NULL),
('Mocsa', 'Komárom-Esztergom', NULL, NULL),
('Mogyoród', 'Pest', NULL, NULL),
('Mogyorósbánya', 'Komárom-Esztergom', NULL, NULL),
('Mogyoróska', 'Borsod-Abaúj-Zemplén', NULL, NULL),
('Moha', 'Fejér', NULL, NULL),
('Mohács', 'Baranya', NULL, NULL),
('Mohora', 'Nógrád', NULL, NULL),
('Molnári', 'Zala', NULL, NULL),
('Molnaszecsőd', 'Vas', NULL, NULL),
('Molvány', 'Baranya', NULL, NULL),
('Monaj', 'Borsod-Abaúj-Zemplén', NULL, NULL),
('Monok', 'Borsod-Abaúj-Zemplén', NULL, NULL),
('Monor', 'Pest', NULL, NULL),
('Monorierdő', 'Pest', NULL, NULL),
('Mónosbél', 'Heves', NULL, NULL),
('Monostorapáti', 'Veszprém', NULL, NULL),
('Monostorpályi', 'Hajdú-Bihar', NULL, NULL),
('Monoszló', 'Veszprém', NULL, NULL),
('Monyoród', 'Baranya', NULL, NULL),
('Mór', 'Fejér', NULL, NULL),
('Mórágy', 'Tolna', NULL, NULL),
('Mórahalom', 'Csongrád', NULL, NULL),
('Móricgát', 'Bács-Kiskun', NULL, NULL),
('Mórichida', 'Győr-Moson-Sopron', NULL, NULL),
('Mosdós', 'Somogy', NULL, NULL),
('Mosonmagyaróvár', 'Győr-Moson-Sopron', NULL, NULL),
('Mosonszentmiklós', 'Győr-Moson-Sopron', NULL, NULL),
('Mosonszolnok', 'Győr-Moson-Sopron', NULL, NULL),
('Mosonudvar', 'Győr-Moson-Sopron', NULL, NULL),
('Mozsgó', 'Baranya', NULL, NULL),
('Mőcsény', 'Tolna', NULL, NULL),
('Mucsfa', 'Tolna', NULL, NULL),
('Mucsi', 'Tolna', NULL, NULL),
('Múcsony', 'Borsod-Abaúj-Zemplén', NULL, NULL),
('Muhi', 'Borsod-Abaúj-Zemplén', NULL, NULL),
('Murakeresztúr', 'Zala', NULL, NULL),
('Murarátka', 'Zala', NULL, NULL),
('Muraszemenye', 'Zala', NULL, NULL),
('Murga', 'Tolna', NULL, NULL),
('Murony', 'Békés', NULL, NULL),
('Nábrád', 'Szabolcs-Szatmár-Bereg', NULL, NULL),
('Nadap', 'Fejér', NULL, NULL),
('Nádasd', 'Vas', NULL, NULL),
('Nádasdladány', 'Fejér', NULL, NULL),
('Nádudvar', 'Hajdú-Bihar', NULL, NULL),
('Nágocs', 'Somogy', NULL, NULL),
('Nagyacsád', 'Veszprém', NULL, NULL),
('Nagyalásony', 'Veszprém', NULL, NULL),
('Nagyar', 'Szabolcs-Szatmár-Bereg', NULL, NULL),
('Nagyatád', 'Somogy', NULL, NULL),
('Nagybajcs', 'Győr-Moson-Sopron', NULL, NULL),
('Nagybajom', 'Somogy', NULL, NULL),
('Nagybakónak', 'Zala', NULL, NULL),
('Nagybánhegyes', 'Békés', NULL, NULL),
('Nagybaracska', 'Bács-Kiskun', NULL, NULL),
('Nagybarca', 'Borsod-Abaúj-Zemplén', NULL, NULL),
('Nagybárkány', 'Nógrád', NULL, NULL),
('Nagyberény', 'Somogy', NULL, NULL),
('Nagyberki', 'Somogy', NULL, NULL),
('Nagybörzsöny', 'Pest', NULL, NULL),
('Nagybudmér', 'Baranya', NULL, NULL),
('Nagycenk', 'Győr-Moson-Sopron', NULL, NULL),
('Nagycsány', 'Baranya', NULL, NULL),
('Nagycsécs', 'Borsod-Abaúj-Zemplén', NULL, NULL),
('Nagycsepely', 'Somogy', NULL, NULL),
('Nagycserkesz', 'Szabolcs-Szatmár-Bereg', NULL, NULL),
('Nagydém', 'Veszprém', NULL, NULL),
('Nagydobos', 'Szabolcs-Szatmár-Bereg', NULL, NULL),
('Nagydobsza', 'Baranya', NULL, NULL),
('Nagydorog', 'Tolna', NULL, NULL),
('Nagyecsed', 'Szabolcs-Szatmár-Bereg', NULL, NULL),
('Nagyér', 'Csongrád', NULL, NULL),
('Nagyesztergár', 'Veszprém', NULL, NULL),
('Nagyfüged', 'Heves', NULL, NULL),
('Nagygeresd', 'Vas', NULL, NULL),
('Nagygörbő', 'Zala', NULL, NULL),
('Nagygyimót', 'Veszprém', NULL, NULL),
('Nagyhajmás', 'Baranya', NULL, NULL),
('Nagyhalász', 'Szabolcs-Szatmár-Bereg', NULL, NULL),
('Nagyharsány', 'Baranya', NULL, NULL),
('Nagyhegyes', 'Hajdú-Bihar', NULL, NULL),
('Nagyhódos', 'Szabolcs-Szatmár-Bereg', NULL, NULL),
('Nagyhuta', 'Borsod-Abaúj-Zemplén', NULL, NULL),
('Nagyigmánd', 'Komárom-Esztergom', NULL, NULL),
('Nagyiván', 'Jász-Nagykun-Szolnok', NULL, NULL),
('Nagykálló', 'Szabolcs-Szatmár-Bereg', NULL, NULL),
('Nagykamarás', 'Békés', NULL, NULL),
('Nagykanizsa', 'Zala', NULL, NULL),
('Nagykapornak', 'Zala', NULL, NULL),
('Nagykarácsony', 'Fejér', NULL, NULL),
('Nagykáta', 'Pest', NULL, NULL),
('Nagykereki', 'Hajdú-Bihar', NULL, NULL),
('Nagykeresztúr', 'Nógrád', NULL, NULL),
('Nagykinizs', 'Borsod-Abaúj-Zemplén', NULL, NULL),
('Nagykónyi', 'Tolna', NULL, NULL),
('Nagykorpád', 'Somogy', NULL, NULL),
('Nagykovácsi', 'Pest', NULL, NULL),
('Nagykozár', 'Baranya', NULL, NULL),
('Nagykökényes', 'Heves', NULL, NULL),
('Nagykölked', 'Vas', NULL, NULL),
('Nagykőrös', 'Pest', NULL, NULL),
('Nagykörű', 'Jász-Nagykun-Szolnok', NULL, NULL),
('Nagykutas', 'Zala', NULL, NULL),
('Nagylak', 'Csongrád', NULL, NULL),
('Nagylengyel', 'Zala', NULL, NULL),
('Nagylóc', 'Nógrád', NULL, NULL),
('Nagylók', 'Fejér', NULL, NULL),
('Nagylózs', 'Győr-Moson-Sopron', NULL, NULL),
('Nagymágocs', 'Csongrád', NULL, NULL),
('Nagymányok', 'Tolna', NULL, NULL),
('Nagymaros', 'Pest', NULL, NULL),
('Nagymizdó', 'Vas', NULL, NULL),
('Nagynyárád', 'Baranya', NULL, NULL),
('Nagyoroszi', 'Nógrád', NULL, NULL),
('Nagypáli', 'Zala', NULL, NULL),
('Nagypall', 'Baranya', NULL, NULL),
('Nagypeterd', 'Baranya', NULL, NULL),
('Nagypirit', 'Veszprém', NULL, NULL),
('Nagyrábé', 'Hajdú-Bihar', NULL, NULL),
('Nagyrada', 'Zala', NULL, NULL),
('Nagyrákos', 'Vas', NULL, NULL),
('Nagyrécse', 'Zala', NULL, NULL),
('Nagyréde', 'Heves', NULL, NULL),
('Nagyrév', 'Jász-Nagykun-Szolnok', NULL, NULL),
('Nagyrozvágy', 'Borsod-Abaúj-Zemplén', NULL, NULL),
('Nagysáp', 'Komárom-Esztergom', NULL, NULL),
('Nagysimonyi', 'Vas', NULL, NULL),
('Nagyszakácsi', 'Somogy', NULL, NULL),
('Nagyszékely', 'Tolna', NULL, NULL),
('Nagyszekeres', 'Szabolcs-Szatmár-Bereg', NULL, NULL),
('Nagyszénás', 'Békés', NULL, NULL),
('Nagyszentjános', 'Győr-Moson-Sopron', NULL, NULL),
('Nagyszokoly', 'Tolna', NULL, NULL),
('Nagytálya', 'Heves', NULL, NULL),
('Nagytarcsa', 'Pest', NULL, NULL),
('Nagytevel', 'Veszprém', NULL, NULL),
('Nagytilaj', 'Vas', NULL, NULL),
('Nagytótfalu', 'Baranya', NULL, NULL),
('Nagytőke', 'Csongrád', NULL, NULL),
('Nagyút', 'Heves', NULL, NULL),
('Nagyvarsány', 'Szabolcs-Szatmár-Bereg', NULL, NULL),
('Nagyváty', 'Baranya', NULL, NULL),
('Nagyvázsony', 'Veszprém', NULL, NULL),
('Nagyvejke', 'Tolna', NULL, NULL),
('Nagyveleg', 'Fejér', NULL, NULL),
('Nagyvenyim', 'Fejér', NULL, NULL),
('Nagyvisnyó', 'Heves', NULL, NULL),
('Nak', 'Tolna', NULL, NULL),
('Napkor', 'Szabolcs-Szatmár-Bereg', NULL, NULL),
('Nárai', 'Vas', NULL, NULL),
('Narda', 'Vas', NULL, NULL),
('Naszály', 'Komárom-Esztergom', NULL, NULL),
('Négyes', 'Borsod-Abaúj-Zemplén', NULL, NULL),
('Nekézseny', 'Borsod-Abaúj-Zemplén', NULL, NULL),
('Nemesapáti', 'Zala', NULL, NULL),
('Nemesbikk', 'Borsod-Abaúj-Zemplén', NULL, NULL),
('Nemesborzova', 'Szabolcs-Szatmár-Bereg', NULL, NULL),
('Nemesbőd', 'Vas', NULL, NULL),
('Nemesbük', 'Zala', NULL, NULL),
('Nemescsó', 'Vas', NULL, NULL),
('Nemesdéd', 'Somogy', NULL, NULL),
('Nemesgörzsöny', 'Veszprém', NULL, NULL),
('Nemesgulács', 'Veszprém', NULL, NULL),
('Nemeshany', 'Veszprém', NULL, NULL),
('Nemeshetés', 'Zala', NULL, NULL),
('Nemeske', 'Baranya', NULL, NULL),
('Nemeskér', 'Győr-Moson-Sopron', NULL, NULL),
('Nemeskeresztúr', 'Vas', NULL, NULL),
('Nemeskisfalud', 'Somogy', NULL, NULL),
('Nemeskocs', 'Vas', NULL, NULL),
('Nemeskolta', 'Vas', NULL, NULL),
('Nemesládony', 'Vas', NULL, NULL),
('Nemesmedves', 'Vas', NULL, NULL),
('Nemesnádudvar', 'Bács-Kiskun', NULL, NULL),
('Nemesnép', 'Zala', NULL, NULL),
('Nemespátró', 'Zala', NULL, NULL),
('Nemesrádó', 'Zala', NULL, NULL),
('Nemesrempehollós', 'Vas', NULL, NULL),
('Nemessándorháza', 'Zala', NULL, NULL),
('Nemesszalók', 'Veszprém', NULL, NULL),
('Nemesszentandrás', 'Zala', NULL, NULL),
('Nemesvámos', 'Veszprém', NULL, NULL),
('Nemesvid', 'Somogy', NULL, NULL),
('Nemesvita', 'Veszprém', NULL, NULL),
('Németbánya', 'Veszprém', NULL, NULL),
('Németfalu', 'Zala', NULL, NULL),
('Németkér', 'Tolna', NULL, NULL),
('Nemti', 'Nógrád', NULL, NULL),
('Neszmély', 'Komárom-Esztergom', NULL, NULL),
('Nézsa', 'Nógrád', NULL, NULL),
('Nick', 'Vas', NULL, NULL),
('Nikla', 'Somogy', NULL, NULL),
('Nógrád', 'Nógrád', NULL, NULL),
('Nógrádkövesd', 'Nógrád', NULL, NULL),
('Nógrádmarcal', 'Nógrád', NULL, NULL),
('Nógrádmegyer', 'Nógrád', NULL, NULL),
('Nógrádsáp', 'Nógrád', NULL, NULL),
('Nógrádsipek', 'Nógrád', NULL, NULL),
('Nógrádszakál', 'Nógrád', NULL, NULL),
('Nóráp', 'Veszprém', NULL, NULL),
('Noszlop', 'Veszprém', NULL, NULL),
('Noszvaj', 'Heves', NULL, NULL),
('Nova', 'Zala', NULL, NULL),
('Novaj', 'Heves', NULL, NULL),
('Novajidrány', 'Borsod-Abaúj-Zemplén', NULL, NULL),
('Nőtincs', 'Nógrád', NULL, NULL),
('Nyalka', 'Győr-Moson-Sopron', NULL, NULL),
('Nyárád', 'Veszprém', NULL, NULL),
('Nyáregyháza', 'Pest', NULL, NULL),
('Nyárlőrinc', 'Bács-Kiskun', NULL, NULL),
('Nyársapát', 'Pest', NULL, NULL),
('Nyékládháza', 'Borsod-Abaúj-Zemplén', NULL, NULL),
('Nyergesújfalu', 'Komárom-Esztergom', NULL, NULL),
('Nyésta', 'Borsod-Abaúj-Zemplén', NULL, NULL),
('Nyim', 'Somogy', NULL, NULL),
('Nyírábrány', 'Hajdú-Bihar', NULL, NULL),
('Nyíracsád', 'Hajdú-Bihar', NULL, NULL),
('Nyirád', 'Veszprém', NULL, NULL),
('Nyíradony', 'Hajdú-Bihar', NULL, NULL),
('Nyírbátor', 'Szabolcs-Szatmár-Bereg', NULL, NULL),
('Nyírbéltek', 'Szabolcs-Szatmár-Bereg', NULL, NULL),
('Nyírbogát', 'Szabolcs-Szatmár-Bereg', NULL, NULL),
('Nyírbogdány', 'Szabolcs-Szatmár-Bereg', NULL, NULL),
('Nyírcsaholy', 'Szabolcs-Szatmár-Bereg', NULL, NULL),
('Nyírcsászári', 'Szabolcs-Szatmár-Bereg', NULL, NULL),
('Nyírderzs', 'Szabolcs-Szatmár-Bereg', NULL, NULL),
('Nyíregyháza', 'Szabolcs-Szatmár-Bereg', NULL, NULL),
('Nyírgelse', 'Szabolcs-Szatmár-Bereg', NULL, NULL),
('Nyírgyulaj', 'Szabolcs-Szatmár-Bereg', NULL, NULL),
('Nyíri', 'Borsod-Abaúj-Zemplén', NULL, NULL),
('Nyíribrony', 'Szabolcs-Szatmár-Bereg', NULL, NULL),
('Nyírjákó', 'Szabolcs-Szatmár-Bereg', NULL, NULL),
('Nyírkarász', 'Szabolcs-Szatmár-Bereg', NULL, NULL),
('Nyírkáta', 'Szabolcs-Szatmár-Bereg', NULL, NULL),
('Nyírkércs', 'Szabolcs-Szatmár-Bereg', NULL, NULL),
('Nyírlövő', 'Szabolcs-Szatmár-Bereg', NULL, NULL),
('Nyírlugos', 'Szabolcs-Szatmár-Bereg', NULL, NULL),
('Nyírmada', 'Szabolcs-Szatmár-Bereg', NULL, NULL),
('Nyírmártonfalva', 'Hajdú-Bihar', NULL, NULL),
('Nyírmeggyes', 'Szabolcs-Szatmár-Bereg', NULL, NULL),
('Nyírmihálydi', 'Szabolcs-Szatmár-Bereg', NULL, NULL),
('Nyírparasznya', 'Szabolcs-Szatmár-Bereg', NULL, NULL),
('Nyírpazony', 'Szabolcs-Szatmár-Bereg', NULL, NULL),
('Nyírpilis', 'Szabolcs-Szatmár-Bereg', NULL, NULL),
('Nyírtass', 'Szabolcs-Szatmár-Bereg', NULL, NULL),
('Nyírtelek', 'Szabolcs-Szatmár-Bereg', NULL, NULL),
('Nyírtét', 'Szabolcs-Szatmár-Bereg', NULL, NULL),
('Nyírtura', 'Szabolcs-Szatmár-Bereg', NULL, NULL),
('Nyírvasvári', 'Szabolcs-Szatmár-Bereg', NULL, NULL),
('Nyomár', 'Borsod-Abaúj-Zemplén', NULL, NULL),
('Nyőgér', 'Vas', NULL, NULL),
('Nyugotszenterzsébet', 'Baranya', NULL, NULL),
('Nyúl', 'Győr-Moson-Sopron', NULL, NULL),
('Óbánya', 'Baranya', NULL, NULL),
('Óbarok', 'Fejér', NULL, NULL),
('Óbudavár', 'Veszprém', NULL, NULL),
('Ócsa', 'Pest', NULL, NULL),
('Ócsárd', 'Baranya', NULL, NULL),
('Ófalu', 'Baranya', NULL, NULL),
('Ófehértó', 'Szabolcs-Szatmár-Bereg', NULL, NULL),
('Óföldeák', 'Csongrád', NULL, NULL),
('Óhíd', 'Zala', NULL, NULL),
('Okány', 'Békés', NULL, NULL),
('Okorág', 'Baranya', NULL, NULL),
('Okorvölgy', 'Baranya', NULL, NULL),
('Olasz', 'Baranya', NULL, NULL),
('Olaszfa', 'Vas', NULL, NULL),
('Olaszfalu', 'Veszprém', NULL, NULL),
('Olaszliszka', 'Borsod-Abaúj-Zemplén', NULL, NULL),
('Olcsva', 'Szabolcs-Szatmár-Bereg', NULL, NULL),
('Olcsvaapáti', 'Szabolcs-Szatmár-Bereg', NULL, NULL),
('Old', 'Baranya', NULL, NULL),
('Ólmod', 'Vas', NULL, NULL),
('Oltárc', 'Zala', NULL, NULL),
('Onga', 'Borsod-Abaúj-Zemplén', NULL, NULL),
('Ónod', 'Borsod-Abaúj-Zemplén', NULL, NULL),
('Ópályi', 'Szabolcs-Szatmár-Bereg', NULL, NULL),
('Ópusztaszer', 'Csongrád', NULL, NULL),
('Orbányosfa', 'Zala', NULL, NULL),
('Orci', 'Somogy', NULL, NULL),
('Ordacsehi', 'Somogy', NULL, NULL),
('Ordas', 'Bács-Kiskun', NULL, NULL),
('Orfalu', 'Vas', NULL, NULL),
('Orfű', 'Baranya', NULL, NULL),
('Orgovány', 'Bács-Kiskun', NULL, NULL),
('Ormándlak', 'Zala', NULL, NULL),
('Ormosbánya', 'Borsod-Abaúj-Zemplén', NULL, NULL),
('Orosháza', 'Békés', NULL, NULL),
('Oroszi', 'Veszprém', NULL, NULL),
('Oroszlány', 'Komárom-Esztergom', NULL, NULL),
('Oroszló', 'Baranya', NULL, NULL),
('Orosztony', 'Zala', NULL, NULL),
('Ortaháza', 'Zala', NULL, NULL),
('Osli', 'Győr-Moson-Sopron', NULL, NULL),
('Ostffyasszonyfa', 'Vas', NULL, NULL),
('Ostoros', 'Heves', NULL, NULL),
('Oszkó', 'Vas', NULL, NULL),
('Oszlár', 'Borsod-Abaúj-Zemplén', NULL, NULL),
('Osztopán', 'Somogy', NULL, NULL),
('Ózd', 'Borsod-Abaúj-Zemplén', NULL, NULL),
('Ózdfalu', 'Baranya', NULL, NULL),
('Ozmánbük', 'Zala', NULL, NULL),
('Ozora', 'Tolna', NULL, NULL),
('Öcs', 'Veszprém', NULL, NULL),
('Őcsény', 'Tolna', NULL, NULL),
('Öcsöd', 'Jász-Nagykun-Szolnok', NULL, NULL),
('Ököritófülpös', 'Szabolcs-Szatmár-Bereg', NULL, NULL),
('Ölbő', 'Vas', NULL, NULL),
('Ömböly', 'Szabolcs-Szatmár-Bereg', NULL, NULL),
('Őr', 'Szabolcs-Szatmár-Bereg', NULL, NULL),
('Őrbottyán', 'Pest', NULL, NULL),
('Öregcsertő', 'Bács-Kiskun', NULL, NULL),
('Öreglak', 'Somogy', NULL, NULL),
('Őrhalom', 'Nógrád', NULL, NULL),
('Őrimagyarósd', 'Vas', NULL, NULL),
('Őriszentpéter', 'Vas', NULL, NULL),
('Örkény', 'Pest', NULL, NULL),
('Örményes', 'Jász-Nagykun-Szolnok', NULL, NULL),
('Örménykút', 'Békés', NULL, NULL),
('Őrtilos', 'Somogy', NULL, NULL),
('Örvényes', 'Veszprém', NULL, NULL),
('Ősagárd', 'Nógrád', NULL, NULL),
('Ősi', 'Veszprém', NULL, NULL),
('Öskü', 'Veszprém', NULL, NULL),
('Öttevény', 'Győr-Moson-Sopron', NULL, NULL),
('Öttömös', 'Csongrád', NULL, NULL),
('Ötvöskónyi', 'Somogy', NULL, NULL),
('Pácin', 'Borsod-Abaúj-Zemplén', NULL, NULL),
('Pacsa', 'Zala', NULL, NULL),
('Pácsony', 'Vas', NULL, NULL),
('Padár', 'Zala', NULL, NULL),
('Páhi', 'Bács-Kiskun', NULL, NULL),
('Páka', 'Zala', NULL, NULL),
('Pakod', 'Zala', NULL, NULL),
('Pákozd', 'Fejér', NULL, NULL),
('Paks', 'Tolna', NULL, NULL),
('Palé', 'Baranya', NULL, NULL),
('Pálfa', 'Tolna', NULL, NULL),
('Pálfiszeg', 'Zala', NULL, NULL),
('Pálháza', 'Borsod-Abaúj-Zemplén', NULL, NULL),
('Páli', 'Győr-Moson-Sopron', NULL, NULL),
('Palkonya', 'Baranya', NULL, NULL),
('Pálmajor', 'Somogy', NULL, NULL),
('Pálmonostora', 'Bács-Kiskun', NULL, NULL),
('Pálosvörösmart', 'Heves', NULL, NULL),
('Palotabozsok', 'Baranya', NULL, NULL),
('Palotás', 'Nógrád', NULL, NULL),
('Paloznak', 'Veszprém', NULL, NULL),
('Pamlény', 'Borsod-Abaúj-Zemplén', NULL, NULL),
('Pamuk', 'Somogy', NULL, NULL),
('Pánd', 'Pest', NULL, NULL),
('Pankasz', 'Vas', NULL, NULL),
('Pannonhalma', 'Győr-Moson-Sopron', NULL, NULL),
('Pányok', 'Borsod-Abaúj-Zemplén', NULL, NULL),
('Panyola', 'Szabolcs-Szatmár-Bereg', NULL, NULL),
('Pap', 'Szabolcs-Szatmár-Bereg', NULL, NULL),
('Pápa', 'Veszprém', NULL, NULL),
('Pápadereske', 'Veszprém', NULL, NULL),
('Pápakovácsi', 'Veszprém', NULL, NULL),
('Pápasalamon', 'Veszprém', NULL, NULL),
('Pápateszér', 'Veszprém', NULL, NULL),
('Papkeszi', 'Veszprém', NULL, NULL),
('Pápoc', 'Vas', NULL, NULL),
('Papos', 'Szabolcs-Szatmár-Bereg', NULL, NULL),
('Páprád', 'Baranya', NULL, NULL),
('Parád', 'Heves', NULL, NULL),
('Parádsasvár', 'Heves', NULL, NULL),
('Parasznya', 'Borsod-Abaúj-Zemplén', NULL, NULL),
('Pári', 'Tolna', NULL, NULL),
('Paszab', 'Szabolcs-Szatmár-Bereg', NULL, NULL),
('Pásztó', 'Nógrád', NULL, NULL),
('Pásztori', 'Győr-Moson-Sopron', NULL, NULL),
('Pat', 'Zala', NULL, NULL),
('Patak', 'Nógrád', NULL, NULL),
('Patalom', 'Somogy', NULL, NULL),
('Patapoklosi', 'Baranya', NULL, NULL),
('Patca', 'Somogy', NULL, NULL),
('Pátka', 'Fejér', NULL, NULL),
('Patosfa', 'Somogy', NULL, NULL),
('Pátroha', 'Szabolcs-Szatmár-Bereg', NULL, NULL),
('Patvarc', 'Nógrád', NULL, NULL),
('Páty', 'Pest', NULL, NULL),
('Pátyod', 'Szabolcs-Szatmár-Bereg', NULL, NULL),
('Pázmánd', 'Fejér', NULL, NULL),
('Pázmándfalu', 'Győr-Moson-Sopron', NULL, NULL),
('Pécel', 'Pest', NULL, NULL),
('Pecöl', 'Vas', NULL, NULL),
('Pécs', 'Baranya', 'Pécs egy történelmi város, ame', NULL),
('Pécsbagota', 'Baranya', NULL, NULL),
('Pécsdevecser', 'Baranya', NULL, NULL),
('Pécsely', 'Veszprém', NULL, NULL),
('Pécsudvard', 'Baranya', NULL, NULL),
('Pécsvárad', 'Baranya', NULL, NULL),
('Pellérd', 'Baranya', NULL, NULL),
('Pély', 'Heves', NULL, NULL),
('Penc', 'Pest', NULL, NULL),
('Penészlek', 'Szabolcs-Szatmár-Bereg', NULL, NULL),
('Penyige', 'Szabolcs-Szatmár-Bereg', NULL, NULL),
('Pénzesgyőr', 'Veszprém', NULL, NULL),
('Pér', 'Győr-Moson-Sopron', NULL, NULL),
('Perbál', 'Pest', NULL, NULL),
('Pere', 'Borsod-Abaúj-Zemplén', NULL, NULL),
('Perecse', 'Borsod-Abaúj-Zemplén', NULL, NULL),
('Pereked', 'Baranya', NULL, NULL),
('Perenye', 'Vas', NULL, NULL),
('Peresznye', 'Vas', NULL, NULL),
('Pereszteg', 'Győr-Moson-Sopron', NULL, NULL),
('Perkáta', 'Fejér', NULL, NULL),
('Perkupa', 'Borsod-Abaúj-Zemplén', NULL, NULL),
('Perőcsény', 'Pest', NULL, NULL),
('Peterd', 'Baranya', NULL, NULL),
('Péterhida', 'Somogy', NULL, NULL),
('Péteri', 'Pest', NULL, NULL),
('Pétervására', 'Heves', NULL, NULL),
('Pétfürdő', 'Veszprém', NULL, NULL),
('Pethőhenye', 'Zala', NULL, NULL),
('Petneháza', 'Szabolcs-Szatmár-Bereg', NULL, NULL),
('Petőfibánya', 'Heves', NULL, NULL),
('Petőfiszállás', 'Bács-Kiskun', NULL, NULL),
('Petőháza', 'Győr-Moson-Sopron', NULL, NULL),
('Petőmihályfa', 'Vas', NULL, NULL),
('Petrikeresztúr', 'Zala', NULL, NULL),
('Petrivente', 'Zala', NULL, NULL),
('Pettend', 'Baranya', NULL, NULL),
('Piliny', 'Nógrád', NULL, NULL),
('Pilis', 'Pest', NULL, NULL),
('Pilisborosjenő', 'Pest', NULL, NULL),
('Piliscsaba', 'Pest', NULL, NULL),
('Piliscsév', 'Komárom-Esztergom', NULL, NULL),
('Pilisjászfalu', 'Pest', NULL, NULL),
('Pilismarót', 'Komárom-Esztergom', NULL, NULL),
('Pilisszántó', 'Pest', NULL, NULL),
('Pilisszentiván', 'Pest', NULL, NULL),
('Pilisszentkereszt', 'Pest', NULL, NULL),
('Pilisszentlászló', 'Pest', NULL, NULL),
('Pilisvörösvár', 'Pest', NULL, NULL),
('Pincehely', 'Tolna', NULL, NULL),
('Pinkamindszent', 'Vas', NULL, NULL),
('Pinnye', 'Győr-Moson-Sopron', NULL, NULL),
('Piricse', 'Szabolcs-Szatmár-Bereg', NULL, NULL),
('Pirtó', 'Bács-Kiskun', NULL, NULL),
('Piskó', 'Baranya', NULL, NULL),
('Pitvaros', 'Csongrád', NULL, NULL),
('Pócsa', 'Baranya', NULL, NULL),
('Pocsaj', 'Hajdú-Bihar', NULL, NULL),
('Pócsmegyer', 'Pest', NULL, NULL),
('Pócspetri', 'Szabolcs-Szatmár-Bereg', NULL, NULL),
('Pogány', 'Baranya', NULL, NULL),
('Pogányszentpéter', 'Somogy', NULL, NULL),
('Pókaszepetk', 'Zala', NULL, NULL),
('Polány', 'Somogy', NULL, NULL),
('Polgár', 'Hajdú-Bihar', NULL, NULL),
('Polgárdi', 'Fejér', NULL, NULL),
('Pomáz', 'Pest', NULL, NULL),
('Porcsalma', 'Szabolcs-Szatmár-Bereg', NULL, NULL),
('Pornóapáti', 'Vas', NULL, NULL),
('Poroszló', 'Heves', NULL, NULL),
('Porpác', 'Vas', NULL, NULL),
('Porrog', 'Somogy', NULL, NULL),
('Porrogszentkirály', 'Somogy', NULL, NULL),
('Porrogszentpál', 'Somogy', NULL, NULL),
('Pórszombat', 'Zala', NULL, NULL),
('Porva', 'Veszprém', NULL, NULL),
('Pósfa', 'Vas', NULL, NULL),
('Potony', 'Somogy', NULL, NULL),
('Potyond', 'Győr-Moson-Sopron', NULL, NULL),
('Pölöske', 'Zala', NULL, NULL),
('Pölöskefő', 'Zala', NULL, NULL),
('Pörböly', 'Tolna', NULL, NULL),
('Pördefölde', 'Zala', NULL, NULL),
('Pötréte', 'Zala', NULL, NULL),
('Prügy', 'Borsod-Abaúj-Zemplén', NULL, NULL),
('Pula', 'Veszprém', NULL, NULL),
('Pusztaapáti', 'Zala', NULL, NULL),
('Pusztaberki', 'Nógrád', NULL, NULL),
('Pusztacsalád', 'Győr-Moson-Sopron', NULL, NULL),
('Pusztacsó', 'Vas', NULL, NULL),
('Pusztadobos', 'Szabolcs-Szatmár-Bereg', NULL, NULL),
('Pusztaederics', 'Zala', NULL, NULL),
('Pusztafalu', 'Borsod-Abaúj-Zemplén', NULL, NULL),
('Pusztaföldvár', 'Békés', NULL, NULL),
('Pusztahencse', 'Tolna', NULL, NULL),
('Pusztakovácsi', 'Somogy', NULL, NULL),
('Pusztamagyaród', 'Zala', NULL, NULL),
('Pusztamérges', 'Csongrád', NULL, NULL),
('Pusztamiske', 'Veszprém', NULL, NULL),
('Pusztamonostor', 'Jász-Nagykun-Szolnok', NULL, NULL),
('Pusztaottlaka', 'Békés', NULL, NULL),
('Pusztaradvány', 'Borsod-Abaúj-Zemplén', NULL, NULL),
('Pusztaszabolcs', 'Fejér', NULL, NULL),
('Pusztaszemes', 'Somogy', NULL, NULL),
('Pusztaszentlászló', 'Zala', NULL, NULL),
('Pusztaszer', 'Csongrád', NULL, NULL),
('Pusztavacs', 'Pest', NULL, NULL),
('Pusztavám', 'Fejér', NULL, NULL),
('Pusztazámor', 'Pest', NULL, NULL),
('Putnok', 'Borsod-Abaúj-Zemplén', NULL, NULL),
('Püski', 'Győr-Moson-Sopron', NULL, NULL),
('Püspökhatvan', 'Pest', NULL, NULL),
('Püspökladány', 'Hajdú-Bihar', NULL, NULL),
('Püspökmolnári', 'Vas', NULL, NULL),
('Püspökszilágy', 'Pest', NULL, NULL),
('Rábacsanak', 'Győr-Moson-Sopron', NULL, NULL),
('Rábacsécsény', 'Győr-Moson-Sopron', NULL, NULL),
('Rábagyarmat', 'Vas', NULL, NULL),
('Rábahídvég', 'Vas', NULL, NULL),
('Rábakecöl', 'Győr-Moson-Sopron', NULL, NULL),
('Rábapatona', 'Győr-Moson-Sopron', NULL, NULL),
('Rábapaty', 'Vas', NULL, NULL),
('Rábapordány', 'Győr-Moson-Sopron', NULL, NULL),
('Rábasebes', 'Győr-Moson-Sopron', NULL, NULL),
('Rábaszentandrás', 'Győr-Moson-Sopron', NULL, NULL),
('Rábaszentmihály', 'Győr-Moson-Sopron', NULL, NULL),
('Rábaszentmiklós', 'Győr-Moson-Sopron', NULL, NULL),
('Rábatamási', 'Győr-Moson-Sopron', NULL, NULL),
('Rábatöttös', 'Vas', NULL, NULL),
('Rábcakapi', 'Győr-Moson-Sopron', NULL, NULL),
('Rácalmás', 'Fejér', NULL, NULL),
('Ráckeresztúr', 'Fejér', NULL, NULL),
('Ráckeve', 'Pest', NULL, NULL),
('Rád', 'Pest', NULL, NULL),
('Rádfalva', 'Baranya', NULL, NULL),
('Rádóckölked', 'Vas', NULL, NULL),
('Radostyán', 'Borsod-Abaúj-Zemplén', NULL, NULL),
('Ragály', 'Borsod-Abaúj-Zemplén', NULL, NULL),
('Rajka', 'Győr-Moson-Sopron', NULL, NULL),
('Rakaca', 'Borsod-Abaúj-Zemplén', NULL, NULL),
('Rakacaszend', 'Borsod-Abaúj-Zemplén', NULL, NULL),
('Rakamaz', 'Szabolcs-Szatmár-Bereg', NULL, NULL),
('Rákóczibánya', 'Nógrád', NULL, NULL),
('Rákóczifalva', 'Jász-Nagykun-Szolnok', NULL, NULL),
('Rákócziújfalu', 'Jász-Nagykun-Szolnok', NULL, NULL),
('Ráksi', 'Somogy', NULL, NULL),
('Ramocsa', 'Zala', NULL, NULL),
('Ramocsaháza', 'Szabolcs-Szatmár-Bereg', NULL, NULL),
('Rápolt', 'Szabolcs-Szatmár-Bereg', NULL, NULL),
('Raposka', 'Veszprém', NULL, NULL),
('Rásonysápberencs', 'Borsod-Abaúj-Zemplén', NULL, NULL),
('Rátka', 'Borsod-Abaúj-Zemplén', NULL, NULL),
('Rátót', 'Vas', NULL, NULL),
('Ravazd', 'Győr-Moson-Sopron', NULL, NULL),
('Recsk', 'Heves', NULL, NULL),
('Réde', 'Komárom-Esztergom', NULL, NULL),
('Rédics', 'Zala', NULL, NULL),
('Regéc', 'Borsod-Abaúj-Zemplén', NULL, NULL),
('Regenye', 'Baranya', NULL, NULL),
('Regöly', 'Tolna', NULL, NULL),
('Rém', 'Bács-Kiskun', NULL, NULL),
('Remeteszőlős', 'Pest', NULL, NULL),
('Répáshuta', 'Borsod-Abaúj-Zemplén', NULL, NULL),
('Répcelak', 'Vas', NULL, NULL),
('Répceszemere', 'Győr-Moson-Sopron', NULL, NULL),
('Répceszentgyörgy', 'Vas', NULL, NULL),
('Répcevis', 'Győr-Moson-Sopron', NULL, NULL),
('Resznek', 'Zala', NULL, NULL),
('Rétalap', 'Győr-Moson-Sopron', NULL, NULL),
('Rétközberencs', 'Szabolcs-Szatmár-Bereg', NULL, NULL),
('Rétság', 'Nógrád', NULL, NULL),
('Révfülöp', 'Veszprém', NULL, NULL),
('Révleányvár', 'Borsod-Abaúj-Zemplén', NULL, NULL),
('Rezi', 'Zala', NULL, NULL),
('Ricse', 'Borsod-Abaúj-Zemplén', NULL, NULL),
('Rigács', 'Veszprém', NULL, NULL),
('Rigyác', 'Zala', NULL, NULL),
('Rimóc', 'Nógrád', NULL, NULL),
('Rinyabesenyő', 'Somogy', NULL, NULL),
('Rinyakovácsi', 'Somogy', NULL, NULL),
('Rinyaszentkirály', 'Somogy', NULL, NULL),
('Rinyaújlak', 'Somogy', NULL, NULL),
('Rinyaújnép', 'Somogy', NULL, NULL),
('Rohod', 'Szabolcs-Szatmár-Bereg', NULL, NULL),
('Románd', 'Győr-Moson-Sopron', NULL, NULL),
('Romhány', 'Nógrád', NULL, NULL),
('Romonya', 'Baranya', NULL, NULL),
('Rózsafa', 'Baranya', NULL, NULL),
('Rozsály', 'Szabolcs-Szatmár-Bereg', NULL, NULL),
('Rózsaszentmárton', 'Heves', NULL, NULL),
('Röjtökmuzsaj', 'Győr-Moson-Sopron', NULL, NULL),
('Rönök', 'Vas', NULL, NULL),
('Röszke', 'Csongrád', NULL, NULL),
('Rudabánya', 'Borsod-Abaúj-Zemplén', NULL, NULL),
('Rudolftelep', 'Borsod-Abaúj-Zemplén', NULL, NULL),
('Rum', 'Vas', NULL, NULL),
('Ruzsa', 'Csongrád', NULL, NULL),
('Ságújfalu', 'Nógrád', NULL, NULL),
('Ságvár', 'Somogy', NULL, NULL),
('Sajóbábony', 'Borsod-Abaúj-Zemplén', NULL, NULL),
('Sajóecseg', 'Borsod-Abaúj-Zemplén', NULL, NULL),
('Sajógalgóc', 'Borsod-Abaúj-Zemplén', NULL, NULL),
('Sajóhídvég', 'Borsod-Abaúj-Zemplén', NULL, NULL),
('Sajóivánka', 'Borsod-Abaúj-Zemplén', NULL, NULL),
('Sajókápolna', 'Borsod-Abaúj-Zemplén', NULL, NULL),
('Sajókaza', 'Borsod-Abaúj-Zemplén', NULL, NULL),
('Sajókeresztúr', 'Borsod-Abaúj-Zemplén', NULL, NULL),
('Sajólád', 'Borsod-Abaúj-Zemplén', NULL, NULL),
('Sajólászlófalva', 'Borsod-Abaúj-Zemplén', NULL, NULL),
('Sajómercse', 'Borsod-Abaúj-Zemplén', NULL, NULL),
('Sajónémeti', 'Borsod-Abaúj-Zemplén', NULL, NULL),
('Sajóörös', 'Borsod-Abaúj-Zemplén', NULL, NULL),
('Sajópálfala', 'Borsod-Abaúj-Zemplén', NULL, NULL),
('Sajópetri', 'Borsod-Abaúj-Zemplén', NULL, NULL),
('Sajópüspöki', 'Borsod-Abaúj-Zemplén', NULL, NULL),
('Sajósenye', 'Borsod-Abaúj-Zemplén', NULL, NULL),
('Sajószentpéter', 'Borsod-Abaúj-Zemplén', NULL, NULL),
('Sajószöged', 'Borsod-Abaúj-Zemplén', NULL, NULL),
('Sajóvámos', 'Borsod-Abaúj-Zemplén', NULL, NULL),
('Sajóvelezd', 'Borsod-Abaúj-Zemplén', NULL, NULL),
('Sajtoskál', 'Vas', NULL, NULL),
('Salföld', 'Veszprém', NULL, NULL),
('Salgótarján', 'Nógrád', NULL, NULL),
('Salköveskút', 'Vas', NULL, NULL),
('Salomvár', 'Zala', NULL, NULL),
('Sály', 'Borsod-Abaúj-Zemplén', NULL, NULL),
('Sámod', 'Baranya', NULL, NULL),
('Sámsonháza', 'Nógrád', NULL, NULL),
('Sand', 'Zala', NULL, NULL),
('Sándorfalva', 'Csongrád', NULL, NULL),
('Sántos', 'Somogy', NULL, NULL),
('Sáp', 'Hajdú-Bihar', NULL, NULL),
('Sáránd', 'Hajdú-Bihar', NULL, NULL),
('Sárazsadány', 'Borsod-Abaúj-Zemplén', NULL, NULL),
('Sárbogárd', 'Fejér', NULL, NULL),
('Sáregres', 'Fejér', NULL, NULL),
('Sárfimizdó', 'Vas', NULL, NULL),
('Sárhida', 'Zala', NULL, NULL),
('Sárisáp', 'Komárom-Esztergom', NULL, NULL),
('Sarkad', 'Békés', NULL, NULL),
('Sarkadkeresztúr', 'Békés', NULL, NULL),
('Sárkeresztes', 'Fejér', NULL, NULL),
('Sárkeresztúr', 'Fejér', NULL, NULL),
('Sárkeszi', 'Fejér', NULL, NULL),
('Sármellék', 'Zala', NULL, NULL),
('Sárok', 'Baranya', NULL, NULL),
('Sárosd', 'Fejér', NULL, NULL),
('Sárospatak', 'Borsod-Abaúj-Zemplén', NULL, NULL),
('Sárpilis', 'Tolna', NULL, NULL),
('Sárrétudvari', 'Hajdú-Bihar', NULL, NULL),
('Sarród', 'Győr-Moson-Sopron', NULL, NULL),
('Sárszentágota', 'Fejér', NULL, NULL),
('Sárszentlőrinc', 'Tolna', NULL, NULL),
('Sárszentmihály', 'Fejér', NULL, NULL),
('Sarud', 'Heves', NULL, NULL),
('Sárvár', 'Vas', NULL, NULL),
('Sásd', 'Baranya', NULL, NULL),
('Sáska', 'Veszprém', NULL, NULL),
('Sáta', 'Borsod-Abaúj-Zemplén', NULL, NULL),
('Sátoraljaújhely', 'Borsod-Abaúj-Zemplén', NULL, NULL),
('Sátorhely', 'Baranya', NULL, NULL),
('Sávoly', 'Somogy', NULL, NULL),
('Sé', 'Vas', NULL, NULL),
('Segesd', 'Somogy', NULL, NULL),
('Sellye', 'Baranya', NULL, NULL),
('Selyeb', 'Borsod-Abaúj-Zemplén', NULL, NULL),
('Semjén', 'Borsod-Abaúj-Zemplén', NULL, NULL),
('Semjénháza', 'Zala', NULL, NULL),
('Sénye', 'Zala', NULL, NULL),
('Sényő', 'Szabolcs-Szatmár-Bereg', NULL, NULL),
('Seregélyes', 'Fejér', NULL, NULL),
('Serényfalva', 'Borsod-Abaúj-Zemplén', NULL, NULL),
('Sérsekszőlős', 'Somogy', NULL, NULL),
('Sikátor', 'Győr-Moson-Sopron', NULL, NULL),
('Siklós', 'Baranya', NULL, NULL),
('Siklósbodony', 'Baranya', NULL, NULL),
('Siklósnagyfalu', 'Baranya', NULL, NULL),
('Sima', 'Borsod-Abaúj-Zemplén', NULL, NULL),
('Simaság', 'Vas', NULL, NULL),
('Simonfa', 'Somogy', NULL, NULL),
('Simontornya', 'Tolna', NULL, NULL),
('Sióagárd', 'Tolna', NULL, NULL),
('Siófok', 'Somogy', 'Siófok a Balaton déli partján ', NULL),
('Siójut', 'Somogy', NULL, NULL),
('Sirok', 'Heves', NULL, NULL),
('Sitke', 'Vas', NULL, NULL),
('Sobor', 'Győr-Moson-Sopron', NULL, NULL),
('Sokorópátka', 'Győr-Moson-Sopron', NULL, NULL),
('Solt', 'Bács-Kiskun', NULL, NULL),
('Soltszentimre', 'Bács-Kiskun', NULL, NULL),
('Soltvadkert', 'Bács-Kiskun', NULL, NULL),
('Sóly', 'Veszprém', NULL, NULL),
('Solymár', 'Pest', NULL, NULL),
('Som', 'Somogy', NULL, NULL),
('Somberek', 'Baranya', NULL, NULL),
('Somlójenő', 'Veszprém', NULL, NULL),
('Somlószőlős', 'Veszprém', NULL, NULL),
('Somlóvásárhely', 'Veszprém', NULL, NULL),
('Somlóvecse', 'Veszprém', NULL, NULL),
('Somodor', 'Somogy', NULL, NULL),
('Somogyacsa', 'Somogy', NULL, NULL),
('Somogyapáti', 'Baranya', NULL, NULL),
('Somogyaracs', 'Somogy', NULL, NULL),
('Somogyaszaló', 'Somogy', NULL, NULL),
('Somogybabod', 'Somogy', NULL, NULL),
('Somogybükkösd', 'Somogy', NULL, NULL),
('Somogycsicsó', 'Somogy', NULL, NULL),
('Somogydöröcske', 'Somogy', NULL, NULL),
('Somogyegres', 'Somogy', NULL, NULL),
('Somogyfajsz', 'Somogy', NULL, NULL),
('Somogygeszti', 'Somogy', NULL, NULL),
('Somogyhárságy', 'Baranya', NULL, NULL),
('Somogyhatvan', 'Baranya', NULL, NULL),
('Somogyjád', 'Somogy', NULL, NULL),
('Somogymeggyes', 'Somogy', NULL, NULL),
('Somogysámson', 'Somogy', NULL, NULL),
('Somogysárd', 'Somogy', NULL, NULL),
('Somogysimonyi', 'Somogy', NULL, NULL),
('Somogyszentpál', 'Somogy', NULL, NULL),
('Somogyszil', 'Somogy', NULL, NULL),
('Somogyszob', 'Somogy', NULL, NULL),
('Somogytúr', 'Somogy', NULL, NULL),
('Somogyudvarhely', 'Somogy', NULL, NULL),
('Somogyvámos', 'Somogy', NULL, NULL),
('Somogyvár', 'Somogy', NULL, NULL),
('Somogyviszló', 'Baranya', NULL, NULL),
('Somogyzsitfa', 'Somogy', NULL, NULL),
('Somoskőújfalu', 'Nógrád', NULL, NULL),
('Sonkád', 'Szabolcs-Szatmár-Bereg', NULL, NULL),
('Soponya', 'Fejér', NULL, NULL),
('Sopron', 'Győr-Moson-Sopron', NULL, NULL),
('Sopronhorpács', 'Győr-Moson-Sopron', NULL, NULL),
('Sopronkövesd', 'Győr-Moson-Sopron', NULL, NULL),
('Sopronnémeti', 'Győr-Moson-Sopron', NULL, NULL),
('Sorkifalud', 'Vas', NULL, NULL),
('Sorkikápolna', 'Vas', NULL, NULL),
('Sormás', 'Zala', NULL, NULL),
('Sorokpolány', 'Vas', NULL, NULL),
('Sóshartyán', 'Nógrád', NULL, NULL),
('Sóskút', 'Pest', NULL, NULL),
('Sóstófalva', 'Borsod-Abaúj-Zemplén', NULL, NULL),
('Sósvertike', 'Baranya', NULL, NULL),
('Sótony', 'Vas', NULL, NULL),
('Söjtör', 'Zala', NULL, NULL),
('Söpte', 'Vas', NULL, NULL),
('Söréd', 'Fejér', NULL, NULL),
('Sukoró', 'Fejér', NULL, NULL),
('Sumony', 'Baranya', NULL, NULL),
('Súr', 'Komárom-Esztergom', NULL, NULL),
('Surd', 'Zala', NULL, NULL),
('Sükösd', 'Bács-Kiskun', NULL, NULL),
('Sülysáp', 'Pest', NULL, NULL),
('Sümeg', 'Veszprém', NULL, NULL),
('Sümegcsehi', 'Zala', NULL, NULL),
('Sümegprága', 'Veszprém', NULL, NULL),
('Süttő', 'Komárom-Esztergom', NULL, NULL),
('Szabadbattyán', 'Fejér', NULL, NULL),
('Szabadegyháza', 'Fejér', NULL, NULL),
('Szabadhídvég', 'Fejér', NULL, NULL),
('Szabadi', 'Somogy', NULL, NULL),
('Szabadkígyós', 'Békés', NULL, NULL),
('Szabadszállás', 'Bács-Kiskun', NULL, NULL),
('Szabadszentkirály', 'Baranya', NULL, NULL),
('Szabás', 'Somogy', NULL, NULL),
('Szabolcs', 'Szabolcs-Szatmár-Bereg', NULL, NULL),
('Szabolcsbáka', 'Szabolcs-Szatmár-Bereg', NULL, NULL),
('Szabolcsveresmart', 'Szabolcs-Szatmár-Bereg', NULL, NULL),
('Szada', 'Pest', NULL, NULL),
('Szágy', 'Baranya', NULL, NULL),
('Szajk', 'Baranya', NULL, NULL),
('Szajla', 'Heves', NULL, NULL),
('Szajol', 'Jász-Nagykun-Szolnok', NULL, NULL),
('Szakácsi', 'Borsod-Abaúj-Zemplén', NULL, NULL),
('Szakadát', 'Tolna', NULL, NULL),
('Szakáld', 'Borsod-Abaúj-Zemplén', NULL, NULL),
('Szakály', 'Tolna', NULL, NULL),
('Szakcs', 'Tolna', NULL, NULL),
('Szakmár', 'Bács-Kiskun', NULL, NULL),
('Szaknyér', 'Vas', NULL, NULL),
('Szakoly', 'Szabolcs-Szatmár-Bereg', NULL, NULL),
('Szakony', 'Győr-Moson-Sopron', NULL, NULL),
('Szakonyfalu', 'Vas', NULL, NULL),
('Szákszend', 'Komárom-Esztergom', NULL, NULL),
('Szalafő', 'Vas', NULL, NULL),
('Szalánta', 'Baranya', NULL, NULL),
('Szalapa', 'Zala', NULL, NULL),
('Szalaszend', 'Borsod-Abaúj-Zemplén', NULL, NULL),
('Szalatnak', 'Baranya', NULL, NULL),
('Szálka', 'Tolna', NULL, NULL),
('Szalkszentmárton', 'Bács-Kiskun', NULL, NULL),
('Szalmatercs', 'Nógrád', NULL, NULL),
('Szalonna', 'Borsod-Abaúj-Zemplén', NULL, NULL),
('Szamosangyalos', 'Szabolcs-Szatmár-Bereg', NULL, NULL),
('Szamosbecs', 'Szabolcs-Szatmár-Bereg', NULL, NULL),
('Szamoskér', 'Szabolcs-Szatmár-Bereg', NULL, NULL),
('Szamossályi', 'Szabolcs-Szatmár-Bereg', NULL, NULL),
('Szamosszeg', 'Szabolcs-Szatmár-Bereg', NULL, NULL),
('Szamostatárfalva', 'Szabolcs-Szatmár-Bereg', NULL, NULL),
('Szamosújlak', 'Szabolcs-Szatmár-Bereg', NULL, NULL),
('Szanda', 'Nógrád', NULL, NULL),
('Szank', 'Bács-Kiskun', NULL, NULL),
('Szántód', 'Somogy', NULL, NULL),
('Szany', 'Győr-Moson-Sopron', NULL, NULL),
('Szápár', 'Veszprém', NULL, NULL),
('Szaporca', 'Baranya', NULL, NULL),
('Szár', 'Fejér', NULL, NULL),
('Szárász', 'Baranya', NULL, NULL),
('Szárazd', 'Tolna', NULL, NULL),
('Szárföld', 'Győr-Moson-Sopron', NULL, NULL),
('Szárliget', 'Komárom-Esztergom', NULL, NULL),
('Szarvas', 'Békés', NULL, NULL),
('Szarvasgede', 'Nógrád', NULL, NULL),
('Szarvaskend', 'Vas', NULL, NULL),
('Szarvaskő', 'Heves', NULL, NULL),
('Szászberek', 'Jász-Nagykun-Szolnok', NULL, NULL),
('Szászfa', 'Borsod-Abaúj-Zemplén', NULL, NULL),
('Szászvár', 'Baranya', NULL, NULL),
('Szatmárcseke', 'Szabolcs-Szatmár-Bereg', NULL, NULL),
('Szátok', 'Nógrád', NULL, NULL),
('Szatta', 'Vas', NULL, NULL),
('Szatymaz', 'Csongrád', NULL, NULL),
('Szava', 'Baranya', NULL, NULL),
('Százhalombatta', 'Pest', NULL, NULL),
('Szebény', 'Baranya', NULL, NULL),
('Szécsénke', 'Nógrád', NULL, NULL),
('Szécsény', 'Nógrád', NULL, NULL),
('Szécsényfelfalu', 'Nógrád', NULL, NULL),
('Szécsisziget', 'Zala', NULL, NULL),
('Szederkény', 'Baranya', NULL, NULL),
('Szedres', 'Tolna', NULL, NULL),
('Szeged', 'Csongrád', 'Szeged a napfény városa, amely', NULL),
('Szegerdő', 'Somogy', NULL, NULL),
('Szeghalom', 'Békés', NULL, NULL),
('Szegi', 'Borsod-Abaúj-Zemplén', NULL, NULL),
('Szegilong', 'Borsod-Abaúj-Zemplén', NULL, NULL),
('Szegvár', 'Csongrád', NULL, NULL);
INSERT INTO `telepulesek` (`nev`, `megye`, `leiras`, `kep`) VALUES
('Székely', 'Szabolcs-Szatmár-Bereg', NULL, NULL),
('Székelyszabar', 'Baranya', NULL, NULL),
('Székesfehérvár', 'Fejér', NULL, NULL),
('Székkutas', 'Csongrád', NULL, NULL),
('Szekszárd', 'Tolna', NULL, NULL),
('Szeleste', 'Vas', NULL, NULL),
('Szelevény', 'Jász-Nagykun-Szolnok', NULL, NULL),
('Szellő', 'Baranya', NULL, NULL),
('Szemely', 'Baranya', NULL, NULL),
('Szemenye', 'Vas', NULL, NULL),
('Szemere', 'Borsod-Abaúj-Zemplén', NULL, NULL),
('Szendehely', 'Nógrád', NULL, NULL),
('Szendrő', 'Borsod-Abaúj-Zemplén', NULL, NULL),
('Szendrőlád', 'Borsod-Abaúj-Zemplén', NULL, NULL),
('Szenna', 'Somogy', NULL, NULL),
('Szenta', 'Somogy', NULL, NULL),
('Szentantalfa', 'Veszprém', NULL, NULL),
('Szentbalázs', 'Somogy', NULL, NULL),
('Szentbékkálla', 'Veszprém', NULL, NULL),
('Szentborbás', 'Somogy', NULL, NULL),
('Szentdénes', 'Baranya', NULL, NULL),
('Szentdomonkos', 'Heves', NULL, NULL),
('Szente', 'Nógrád', NULL, NULL),
('Szentegát', 'Baranya', NULL, NULL),
('Szentendre', 'Pest', NULL, NULL),
('Szentes', 'Csongrád', NULL, NULL),
('Szentgál', 'Veszprém', NULL, NULL),
('Szentgáloskér', 'Somogy', NULL, NULL),
('Szentgotthárd', 'Vas', NULL, NULL),
('Szentgyörgyvár', 'Zala', NULL, NULL),
('Szentgyörgyvölgy', 'Zala', NULL, NULL),
('Szentimrefalva', 'Veszprém', NULL, NULL),
('Szentistván', 'Borsod-Abaúj-Zemplén', NULL, NULL),
('Szentistvánbaksa', 'Borsod-Abaúj-Zemplén', NULL, NULL),
('Szentjakabfa', 'Veszprém', NULL, NULL),
('Szentkatalin', 'Baranya', NULL, NULL),
('Szentkirály', 'Bács-Kiskun', NULL, NULL),
('Szentkirályszabadja', 'Veszprém', NULL, NULL),
('Szentkozmadombja', 'Zala', NULL, NULL),
('Szentlászló', 'Baranya', NULL, NULL),
('Szentliszló', 'Zala', NULL, NULL),
('Szentlőrinc', 'Baranya', NULL, NULL),
('Szentlőrinckáta', 'Pest', NULL, NULL),
('Szentmargitfalva', 'Zala', NULL, NULL),
('Szentmártonkáta', 'Pest', NULL, NULL),
('Szentpéterfa', 'Vas', NULL, NULL),
('Szentpéterfölde', 'Zala', NULL, NULL),
('Szentpéterszeg', 'Hajdú-Bihar', NULL, NULL),
('Szentpéterúr', 'Zala', NULL, NULL),
('Szenyér', 'Somogy', NULL, NULL),
('Szepetnek', 'Zala', NULL, NULL),
('Szerecseny', 'Győr-Moson-Sopron', NULL, NULL),
('Szeremle', 'Bács-Kiskun', NULL, NULL),
('Szerencs', 'Borsod-Abaúj-Zemplén', NULL, NULL),
('Szerep', 'Hajdú-Bihar', NULL, NULL),
('Szergény', 'Vas', NULL, NULL),
('Szigetbecse', 'Pest', NULL, NULL),
('Szigetcsép', 'Pest', NULL, NULL),
('Szigethalom', 'Pest', NULL, NULL),
('Szigetmonostor', 'Pest', NULL, NULL),
('Szigetszentmárton', 'Pest', NULL, NULL),
('Szigetszentmiklós', 'Pest', NULL, NULL),
('Szigetújfalu', 'Pest', NULL, NULL),
('Szigetvár', 'Baranya', NULL, NULL),
('Szigliget', 'Veszprém', NULL, NULL),
('Szihalom', 'Heves', NULL, NULL),
('Szijártóháza', 'Zala', NULL, NULL),
('Szikszó', 'Borsod-Abaúj-Zemplén', NULL, NULL),
('Szil', 'Győr-Moson-Sopron', NULL, NULL),
('Szilágy', 'Baranya', NULL, NULL),
('Szilaspogony', 'Nógrád', NULL, NULL),
('Szilsárkány', 'Győr-Moson-Sopron', NULL, NULL),
('Szilvágy', 'Zala', NULL, NULL),
('Szilvás', 'Baranya', NULL, NULL),
('Szilvásszentmárton', 'Somogy', NULL, NULL),
('Szilvásvárad', 'Heves', NULL, NULL),
('Szin', 'Borsod-Abaúj-Zemplén', NULL, NULL),
('Szinpetri', 'Borsod-Abaúj-Zemplén', NULL, NULL),
('Szirák', 'Nógrád', NULL, NULL),
('Szirmabesenyő', 'Borsod-Abaúj-Zemplén', NULL, NULL),
('Szob', 'Pest', NULL, NULL),
('Szokolya', 'Pest', NULL, NULL),
('Szólád', 'Somogy', NULL, NULL),
('Szolnok', 'Jász-Nagykun-Szolnok', NULL, NULL),
('Szombathely', 'Vas', NULL, NULL),
('Szomód', 'Komárom-Esztergom', NULL, NULL),
('Szomolya', 'Borsod-Abaúj-Zemplén', NULL, NULL),
('Szomor', 'Komárom-Esztergom', NULL, NULL),
('Szorgalmatos', 'Szabolcs-Szatmár-Bereg', NULL, NULL),
('Szorosad', 'Somogy', NULL, NULL),
('Szőc', 'Veszprém', NULL, NULL),
('Szőce', 'Vas', NULL, NULL),
('Sződ', 'Pest', NULL, NULL),
('Sződliget', 'Pest', NULL, NULL),
('Szögliget', 'Borsod-Abaúj-Zemplén', NULL, NULL),
('Szőke', 'Baranya', NULL, NULL),
('Szőkéd', 'Baranya', NULL, NULL),
('Szőkedencs', 'Somogy', NULL, NULL),
('Szőlősardó', 'Borsod-Abaúj-Zemplén', NULL, NULL),
('Szőlősgyörök', 'Somogy', NULL, NULL),
('Szörény', 'Baranya', NULL, NULL),
('Szúcs', 'Heves', NULL, NULL),
('Szuha', 'Nógrád', NULL, NULL),
('Szuhafő', 'Borsod-Abaúj-Zemplén', NULL, NULL),
('Szuhakálló', 'Borsod-Abaúj-Zemplén', NULL, NULL),
('Szuhogy', 'Borsod-Abaúj-Zemplén', NULL, NULL),
('Szulimán', 'Baranya', NULL, NULL),
('Szulok', 'Somogy', NULL, NULL),
('Szurdokpüspöki', 'Nógrád', NULL, NULL),
('Szűcsi', 'Heves', NULL, NULL),
('Szügy', 'Nógrád', NULL, NULL),
('Szűr', 'Baranya', NULL, NULL),
('Tab', 'Somogy', NULL, NULL),
('Tabajd', 'Fejér', NULL, NULL),
('Tabdi', 'Bács-Kiskun', NULL, NULL),
('Táborfalva', 'Pest', NULL, NULL),
('Tác', 'Fejér', NULL, NULL),
('Tagyon', 'Veszprém', NULL, NULL),
('Tahitótfalu', 'Pest', NULL, NULL),
('Takácsi', 'Veszprém', NULL, NULL),
('Tákos', 'Szabolcs-Szatmár-Bereg', NULL, NULL),
('Taksony', 'Pest', NULL, NULL),
('Taktabáj', 'Borsod-Abaúj-Zemplén', NULL, NULL),
('Taktaharkány', 'Borsod-Abaúj-Zemplén', NULL, NULL),
('Taktakenéz', 'Borsod-Abaúj-Zemplén', NULL, NULL),
('Taktaszada', 'Borsod-Abaúj-Zemplén', NULL, NULL),
('Taliándörögd', 'Veszprém', NULL, NULL),
('Tállya', 'Borsod-Abaúj-Zemplén', NULL, NULL),
('Tamási', 'Tolna', NULL, NULL),
('Tanakajd', 'Vas', NULL, NULL),
('Táp', 'Győr-Moson-Sopron', NULL, NULL),
('Tápióbicske', 'Pest', NULL, NULL),
('Tápiógyörgye', 'Pest', NULL, NULL),
('Tápióság', 'Pest', NULL, NULL),
('Tápiószecső', 'Pest', NULL, NULL),
('Tápiószele', 'Pest', NULL, NULL),
('Tápiószentmárton', 'Pest', NULL, NULL),
('Tápiószőlős', 'Pest', NULL, NULL),
('Táplánszentkereszt', 'Vas', NULL, NULL),
('Tapolca', 'Veszprém', NULL, NULL),
('Tapsony', 'Somogy', NULL, NULL),
('Tápszentmiklós', 'Győr-Moson-Sopron', NULL, NULL),
('Tar', 'Nógrád', NULL, NULL),
('Tarany', 'Somogy', NULL, NULL),
('Tarcal', 'Borsod-Abaúj-Zemplén', NULL, NULL),
('Tard', 'Borsod-Abaúj-Zemplén', NULL, NULL),
('Tardona', 'Borsod-Abaúj-Zemplén', NULL, NULL),
('Tardos', 'Komárom-Esztergom', NULL, NULL),
('Tarhos', 'Békés', NULL, NULL),
('Tarján', 'Komárom-Esztergom', NULL, NULL),
('Tarjánpuszta', 'Győr-Moson-Sopron', NULL, NULL),
('Tárkány', 'Komárom-Esztergom', NULL, NULL),
('Tarnabod', 'Heves', NULL, NULL),
('Tarnalelesz', 'Heves', NULL, NULL),
('Tarnaméra', 'Heves', NULL, NULL),
('Tarnaörs', 'Heves', NULL, NULL),
('Tarnaszentmária', 'Heves', NULL, NULL),
('Tarnaszentmiklós', 'Heves', NULL, NULL),
('Tarnazsadány', 'Heves', NULL, NULL),
('Tárnok', 'Pest', NULL, NULL),
('Tárnokréti', 'Győr-Moson-Sopron', NULL, NULL),
('Tarpa', 'Szabolcs-Szatmár-Bereg', NULL, NULL),
('Tarrós', 'Baranya', NULL, NULL),
('Táska', 'Somogy', NULL, NULL),
('Tass', 'Bács-Kiskun', NULL, NULL),
('Taszár', 'Somogy', NULL, NULL),
('Tát', 'Komárom-Esztergom', NULL, NULL),
('Tata', 'Komárom-Esztergom', NULL, NULL),
('Tatabánya', 'Komárom-Esztergom', NULL, NULL),
('Tataháza', 'Bács-Kiskun', NULL, NULL),
('Tatárszentgyörgy', 'Pest', NULL, NULL),
('Tázlár', 'Bács-Kiskun', NULL, NULL),
('Téglás', 'Hajdú-Bihar', NULL, NULL),
('Tekenye', 'Zala', NULL, NULL),
('Tékes', 'Baranya', NULL, NULL),
('Teklafalu', 'Baranya', NULL, NULL),
('Telekes', 'Vas', NULL, NULL),
('Telekgerendás', 'Békés', NULL, NULL),
('Teleki', 'Somogy', NULL, NULL),
('Telki', 'Pest', NULL, NULL),
('Telkibánya', 'Borsod-Abaúj-Zemplén', NULL, NULL),
('Tengelic', 'Tolna', NULL, NULL),
('Tengeri', 'Baranya', NULL, NULL),
('Tengőd', 'Somogy', NULL, NULL),
('Tenk', 'Heves', NULL, NULL),
('Tényő', 'Győr-Moson-Sopron', NULL, NULL),
('Tépe', 'Hajdú-Bihar', NULL, NULL),
('Terem', 'Szabolcs-Szatmár-Bereg', NULL, NULL),
('Terény', 'Nógrád', NULL, NULL),
('Tereske', 'Nógrád', NULL, NULL),
('Teresztenye', 'Borsod-Abaúj-Zemplén', NULL, NULL),
('Terpes', 'Heves', NULL, NULL),
('Tés', 'Veszprém', NULL, NULL),
('Tésa', 'Pest', NULL, NULL),
('Tésenfa', 'Baranya', NULL, NULL),
('Téseny', 'Baranya', NULL, NULL),
('Teskánd', 'Zala', NULL, NULL),
('Tét', 'Győr-Moson-Sopron', NULL, NULL),
('Tetétlen', 'Hajdú-Bihar', NULL, NULL),
('Tevel', 'Tolna', NULL, NULL),
('Tibolddaróc', 'Borsod-Abaúj-Zemplén', NULL, NULL),
('Tiborszállás', 'Szabolcs-Szatmár-Bereg', NULL, NULL),
('Tihany', 'Veszprém', NULL, NULL),
('Tikos', 'Somogy', NULL, NULL),
('Tilaj', 'Zala', NULL, NULL),
('Timár', 'Szabolcs-Szatmár-Bereg', NULL, NULL),
('Tinnye', 'Pest', NULL, NULL),
('Tiszaadony', 'Szabolcs-Szatmár-Bereg', NULL, NULL),
('Tiszaalpár', 'Bács-Kiskun', NULL, NULL),
('Tiszabábolna', 'Borsod-Abaúj-Zemplén', NULL, NULL),
('Tiszabecs', 'Szabolcs-Szatmár-Bereg', NULL, NULL),
('Tiszabercel', 'Szabolcs-Szatmár-Bereg', NULL, NULL),
('Tiszabezdéd', 'Szabolcs-Szatmár-Bereg', NULL, NULL),
('Tiszabő', 'Jász-Nagykun-Szolnok', NULL, NULL),
('Tiszabura', 'Jász-Nagykun-Szolnok', NULL, NULL),
('Tiszacsécse', 'Szabolcs-Szatmár-Bereg', NULL, NULL),
('Tiszacsege', 'Hajdú-Bihar', NULL, NULL),
('Tiszacsermely', 'Borsod-Abaúj-Zemplén', NULL, NULL),
('Tiszadada', 'Szabolcs-Szatmár-Bereg', NULL, NULL),
('Tiszaderzs', 'Jász-Nagykun-Szolnok', NULL, NULL),
('Tiszadob', 'Szabolcs-Szatmár-Bereg', NULL, NULL),
('Tiszadorogma', 'Borsod-Abaúj-Zemplén', NULL, NULL),
('Tiszaeszlár', 'Szabolcs-Szatmár-Bereg', NULL, NULL),
('Tiszaföldvár', 'Jász-Nagykun-Szolnok', NULL, NULL),
('Tiszafüred', 'Jász-Nagykun-Szolnok', NULL, NULL),
('Tiszagyenda', 'Jász-Nagykun-Szolnok', NULL, NULL),
('Tiszagyulaháza', 'Hajdú-Bihar', NULL, NULL),
('Tiszaigar', 'Jász-Nagykun-Szolnok', NULL, NULL),
('Tiszainoka', 'Jász-Nagykun-Szolnok', NULL, NULL),
('Tiszajenő', 'Jász-Nagykun-Szolnok', NULL, NULL),
('Tiszakanyár', 'Szabolcs-Szatmár-Bereg', NULL, NULL),
('Tiszakarád', 'Borsod-Abaúj-Zemplén', NULL, NULL),
('Tiszakécske', 'Bács-Kiskun', NULL, NULL),
('Tiszakerecseny', 'Szabolcs-Szatmár-Bereg', NULL, NULL),
('Tiszakeszi', 'Borsod-Abaúj-Zemplén', NULL, NULL),
('Tiszakóród', 'Szabolcs-Szatmár-Bereg', NULL, NULL),
('Tiszakürt', 'Jász-Nagykun-Szolnok', NULL, NULL),
('Tiszaladány', 'Borsod-Abaúj-Zemplén', NULL, NULL),
('Tiszalök', 'Szabolcs-Szatmár-Bereg', NULL, NULL),
('Tiszalúc', 'Borsod-Abaúj-Zemplén', NULL, NULL),
('Tiszamogyorós', 'Szabolcs-Szatmár-Bereg', NULL, NULL),
('Tiszanagyfalu', 'Szabolcs-Szatmár-Bereg', NULL, NULL),
('Tiszanána', 'Heves', NULL, NULL),
('Tiszaörs', 'Jász-Nagykun-Szolnok', NULL, NULL),
('Tiszapalkonya', 'Borsod-Abaúj-Zemplén', NULL, NULL),
('Tiszapüspöki', 'Jász-Nagykun-Szolnok', NULL, NULL),
('Tiszarád', 'Szabolcs-Szatmár-Bereg', NULL, NULL),
('Tiszaroff', 'Jász-Nagykun-Szolnok', NULL, NULL),
('Tiszasas', 'Jász-Nagykun-Szolnok', NULL, NULL),
('Tiszasüly', 'Jász-Nagykun-Szolnok', NULL, NULL),
('Tiszaszalka', 'Szabolcs-Szatmár-Bereg', NULL, NULL),
('Tiszaszentimre', 'Jász-Nagykun-Szolnok', NULL, NULL),
('Tiszaszentmárton', 'Szabolcs-Szatmár-Bereg', NULL, NULL),
('Tiszasziget', 'Csongrád', NULL, NULL),
('Tiszaszőlős', 'Jász-Nagykun-Szolnok', NULL, NULL),
('Tiszatardos', 'Borsod-Abaúj-Zemplén', NULL, NULL),
('Tiszatarján', 'Borsod-Abaúj-Zemplén', NULL, NULL),
('Tiszatelek', 'Szabolcs-Szatmár-Bereg', NULL, NULL),
('Tiszatenyő', 'Jász-Nagykun-Szolnok', NULL, NULL),
('Tiszaug', 'Bács-Kiskun', NULL, NULL),
('Tiszaújváros', 'Borsod-Abaúj-Zemplén', NULL, NULL),
('Tiszavalk', 'Borsod-Abaúj-Zemplén', NULL, NULL),
('Tiszavárkony', 'Jász-Nagykun-Szolnok', NULL, NULL),
('Tiszavasvári', 'Szabolcs-Szatmár-Bereg', NULL, NULL),
('Tiszavid', 'Szabolcs-Szatmár-Bereg', NULL, NULL),
('Tisztaberek', 'Szabolcs-Szatmár-Bereg', NULL, NULL),
('Tivadar', 'Szabolcs-Szatmár-Bereg', NULL, NULL),
('Tóalmás', 'Pest', NULL, NULL),
('Tófalu', 'Heves', NULL, NULL),
('Tófej', 'Zala', NULL, NULL),
('Tófű', 'Baranya', NULL, NULL),
('Tokaj', 'Borsod-Abaúj-Zemplén', NULL, NULL),
('Tokod', 'Komárom-Esztergom', NULL, NULL),
('Tokodaltáró', 'Komárom-Esztergom', NULL, NULL),
('Tokorcs', 'Vas', NULL, NULL),
('Tolcsva', 'Borsod-Abaúj-Zemplén', NULL, NULL),
('Told', 'Hajdú-Bihar', NULL, NULL),
('Tolmács', 'Nógrád', NULL, NULL),
('Tolna', 'Tolna', NULL, NULL),
('Tolnanémedi', 'Tolna', NULL, NULL),
('Tomajmonostora', 'Jász-Nagykun-Szolnok', NULL, NULL),
('Tomor', 'Borsod-Abaúj-Zemplén', NULL, NULL),
('Tompa', 'Bács-Kiskun', NULL, NULL),
('Tompaládony', 'Vas', NULL, NULL),
('Tordas', 'Fejér', NULL, NULL),
('Tormafölde', 'Zala', NULL, NULL),
('Tormás', 'Baranya', NULL, NULL),
('Tormásliget', 'Vas', NULL, NULL),
('Tornabarakony', 'Borsod-Abaúj-Zemplén', NULL, NULL),
('Tornakápolna', 'Borsod-Abaúj-Zemplén', NULL, NULL),
('Tornanádaska', 'Borsod-Abaúj-Zemplén', NULL, NULL),
('Tornaszentandrás', 'Borsod-Abaúj-Zemplén', NULL, NULL),
('Tornaszentjakab', 'Borsod-Abaúj-Zemplén', NULL, NULL),
('Tornyiszentmiklós', 'Zala', NULL, NULL),
('Tornyosnémeti', 'Borsod-Abaúj-Zemplén', NULL, NULL),
('Tornyospálca', 'Szabolcs-Szatmár-Bereg', NULL, NULL),
('Torony', 'Vas', NULL, NULL),
('Torvaj', 'Somogy', NULL, NULL),
('Tószeg', 'Jász-Nagykun-Szolnok', NULL, NULL),
('Tótkomlós', 'Békés', NULL, NULL),
('Tótszentgyörgy', 'Baranya', NULL, NULL),
('Tótszentmárton', 'Zala', NULL, NULL),
('Tótszerdahely', 'Zala', NULL, NULL),
('Tótújfalu', 'Somogy', NULL, NULL),
('Tótvázsony', 'Veszprém', NULL, NULL),
('Tök', 'Pest', NULL, NULL),
('Tököl', 'Pest', NULL, NULL),
('Töltéstava', 'Győr-Moson-Sopron', NULL, NULL),
('Tömörd', 'Vas', NULL, NULL),
('Tömörkény', 'Csongrád', NULL, NULL),
('Törökbálint', 'Pest', NULL, NULL),
('Törökkoppány', 'Somogy', NULL, NULL),
('Törökszentmiklós', 'Jász-Nagykun-Szolnok', NULL, NULL),
('Törtel', 'Pest', NULL, NULL),
('Töttös', 'Baranya', NULL, NULL),
('Trizs', 'Borsod-Abaúj-Zemplén', NULL, NULL),
('Tunyogmatolcs', 'Szabolcs-Szatmár-Bereg', NULL, NULL),
('Tura', 'Pest', NULL, NULL),
('Túristvándi', 'Szabolcs-Szatmár-Bereg', NULL, NULL),
('Túrkeve', 'Jász-Nagykun-Szolnok', NULL, NULL),
('Túrony', 'Baranya', NULL, NULL),
('Túrricse', 'Szabolcs-Szatmár-Bereg', NULL, NULL),
('Tuzsér', 'Szabolcs-Szatmár-Bereg', NULL, NULL),
('Türje', 'Zala', NULL, NULL),
('Tüskevár', 'Veszprém', NULL, NULL),
('Tyukod', 'Szabolcs-Szatmár-Bereg', NULL, NULL),
('Udvar', 'Baranya', NULL, NULL),
('Udvari', 'Tolna', NULL, NULL),
('Ugod', 'Veszprém', NULL, NULL),
('Újbarok', 'Fejér', NULL, NULL),
('Újcsanálos', 'Borsod-Abaúj-Zemplén', NULL, NULL),
('Újdombrád', 'Szabolcs-Szatmár-Bereg', NULL, NULL),
('Újfehértó', 'Szabolcs-Szatmár-Bereg', NULL, NULL),
('Újhartyán', 'Pest', NULL, NULL),
('Újiráz', 'Hajdú-Bihar', NULL, NULL),
('Újireg', 'Tolna', NULL, NULL),
('Újkenéz', 'Szabolcs-Szatmár-Bereg', NULL, NULL),
('Újkér', 'Győr-Moson-Sopron', NULL, NULL),
('Újkígyós', 'Békés', NULL, NULL),
('Újlengyel', 'Pest', NULL, NULL),
('Újléta', 'Hajdú-Bihar', NULL, NULL),
('Újlőrincfalva', 'Heves', NULL, NULL),
('Újpetre', 'Baranya', NULL, NULL),
('Újrónafő', 'Győr-Moson-Sopron', NULL, NULL),
('Újsolt', 'Bács-Kiskun', NULL, NULL),
('Újszalonta', 'Békés', NULL, NULL),
('Újszász', 'Jász-Nagykun-Szolnok', NULL, NULL),
('Újszentiván', 'Csongrád', NULL, NULL),
('Újszentmargita', 'Hajdú-Bihar', NULL, NULL),
('Újszilvás', 'Pest', NULL, NULL),
('Újtelek', 'Bács-Kiskun', NULL, NULL),
('Újtikos', 'Hajdú-Bihar', NULL, NULL),
('Újudvar', 'Zala', NULL, NULL),
('Újvárfalva', 'Somogy', NULL, NULL),
('Ukk', 'Veszprém', NULL, NULL),
('Und', 'Győr-Moson-Sopron', NULL, NULL),
('Úny', 'Komárom-Esztergom', NULL, NULL),
('Uppony', 'Borsod-Abaúj-Zemplén', NULL, NULL),
('Ura', 'Szabolcs-Szatmár-Bereg', NULL, NULL),
('Uraiújfalu', 'Vas', NULL, NULL),
('Úrhida', 'Fejér', NULL, NULL),
('Úri', 'Pest', NULL, NULL),
('Úrkút', 'Veszprém', NULL, NULL),
('Uszka', 'Szabolcs-Szatmár-Bereg', NULL, NULL),
('Uszód', 'Bács-Kiskun', NULL, NULL),
('Uzsa', 'Veszprém', NULL, NULL),
('Üllés', 'Csongrád', NULL, NULL),
('Üllő', 'Pest', NULL, NULL),
('Üröm', 'Pest', NULL, NULL),
('Vác', 'Pest', NULL, NULL),
('Vácduka', 'Pest', NULL, NULL),
('Vácegres', 'Pest', NULL, NULL),
('Váchartyán', 'Pest', NULL, NULL),
('Váckisújfalu', 'Pest', NULL, NULL),
('Vácrátót', 'Pest', NULL, NULL),
('Vácszentlászló', 'Pest', NULL, NULL),
('Vadna', 'Borsod-Abaúj-Zemplén', NULL, NULL),
('Vadosfa', 'Győr-Moson-Sopron', NULL, NULL),
('Vág', 'Győr-Moson-Sopron', NULL, NULL),
('Vágáshuta', 'Borsod-Abaúj-Zemplén', NULL, NULL),
('Vaja', 'Szabolcs-Szatmár-Bereg', NULL, NULL),
('Vajdácska', 'Borsod-Abaúj-Zemplén', NULL, NULL),
('Vajszló', 'Baranya', NULL, NULL),
('Vajta', 'Fejér', NULL, NULL),
('Vál', 'Fejér', NULL, NULL),
('Valkó', 'Pest', NULL, NULL),
('Valkonya', 'Zala', NULL, NULL),
('Vállaj', 'Szabolcs-Szatmár-Bereg', NULL, NULL),
('Vállus', 'Zala', NULL, NULL),
('Vámosatya', 'Szabolcs-Szatmár-Bereg', NULL, NULL),
('Vámoscsalád', 'Vas', NULL, NULL),
('Vámosgyörk', 'Heves', NULL, NULL),
('Vámosmikola', 'Pest', NULL, NULL),
('Vámosoroszi', 'Szabolcs-Szatmár-Bereg', NULL, NULL),
('Vámospércs', 'Hajdú-Bihar', NULL, NULL),
('Vámosszabadi', 'Győr-Moson-Sopron', NULL, NULL),
('Vámosújfalu', 'Borsod-Abaúj-Zemplén', NULL, NULL),
('Váncsod', 'Hajdú-Bihar', NULL, NULL),
('Vanyarc', 'Nógrád', NULL, NULL),
('Vanyola', 'Veszprém', NULL, NULL),
('Várad', 'Baranya', NULL, NULL),
('Váralja', 'Tolna', NULL, NULL),
('Varászló', 'Somogy', NULL, NULL),
('Váraszó', 'Heves', NULL, NULL),
('Várbalog', 'Győr-Moson-Sopron', NULL, NULL),
('Varbó', 'Borsod-Abaúj-Zemplén', NULL, NULL),
('Varbóc', 'Borsod-Abaúj-Zemplén', NULL, NULL),
('Várda', 'Somogy', NULL, NULL),
('Várdomb', 'Tolna', NULL, NULL),
('Várfölde', 'Zala', NULL, NULL),
('Varga', 'Baranya', NULL, NULL),
('Várgesztes', 'Komárom-Esztergom', NULL, NULL),
('Várkesző', 'Veszprém', NULL, NULL),
('Várong', 'Tolna', NULL, NULL),
('Városföld', 'Bács-Kiskun', NULL, NULL),
('Városlőd', 'Veszprém', NULL, NULL),
('Várpalota', 'Veszprém', NULL, NULL),
('Varsád', 'Tolna', NULL, NULL),
('Varsány', 'Nógrád', NULL, NULL),
('Várvölgy', 'Zala', NULL, NULL),
('Vasad', 'Pest', NULL, NULL),
('Vasalja', 'Vas', NULL, NULL),
('Vásárosbéc', 'Baranya', NULL, NULL),
('Vásárosdombó', 'Baranya', NULL, NULL),
('Vásárosfalu', 'Győr-Moson-Sopron', NULL, NULL),
('Vásárosmiske', 'Vas', NULL, NULL),
('Vásárosnamény', 'Szabolcs-Szatmár-Bereg', NULL, NULL),
('Vasasszonyfa', 'Vas', NULL, NULL),
('Vasboldogasszony', 'Zala', NULL, NULL),
('Vasegerszeg', 'Vas', NULL, NULL),
('Vashosszúfalu', 'Vas', NULL, NULL),
('Vaskeresztes', 'Vas', NULL, NULL),
('Vaskút', 'Bács-Kiskun', NULL, NULL),
('Vasmegyer', 'Szabolcs-Szatmár-Bereg', NULL, NULL),
('Vaspör', 'Zala', NULL, NULL),
('Vassurány', 'Vas', NULL, NULL),
('Vasszécseny', 'Vas', NULL, NULL),
('Vasszentmihály', 'Vas', NULL, NULL),
('Vasszilvágy', 'Vas', NULL, NULL),
('Vasvár', 'Vas', NULL, NULL),
('Vaszar', 'Veszprém', NULL, NULL),
('Vászoly', 'Veszprém', NULL, NULL),
('Vát', 'Vas', NULL, NULL),
('Vatta', 'Borsod-Abaúj-Zemplén', NULL, NULL),
('Vázsnok', 'Baranya', NULL, NULL),
('Vécs', 'Heves', NULL, NULL),
('Vecsés', 'Pest', NULL, NULL),
('Végegyháza', 'Békés', NULL, NULL),
('Vejti', 'Baranya', NULL, NULL),
('Vékény', 'Baranya', NULL, NULL),
('Vekerd', 'Hajdú-Bihar', NULL, NULL),
('Velem', 'Vas', NULL, NULL),
('Velemér', 'Vas', NULL, NULL),
('Velence', 'Fejér', NULL, NULL),
('Velény', 'Baranya', NULL, NULL),
('Véménd', 'Baranya', NULL, NULL),
('Vének', 'Győr-Moson-Sopron', NULL, NULL),
('Vép', 'Vas', NULL, NULL),
('Vereb', 'Fejér', NULL, NULL),
('Veresegyház', 'Pest', NULL, NULL),
('Verőce', 'Pest', NULL, NULL),
('Verpelét', 'Heves', NULL, NULL),
('Verseg', 'Pest', NULL, NULL),
('Versend', 'Baranya', NULL, NULL),
('Vértesacsa', 'Fejér', NULL, NULL),
('Vértesboglár', 'Fejér', NULL, NULL),
('Vérteskethely', 'Komárom-Esztergom', NULL, NULL),
('Vértessomló', 'Komárom-Esztergom', NULL, NULL),
('Vértesszőlős', 'Komárom-Esztergom', NULL, NULL),
('Vértestolna', 'Komárom-Esztergom', NULL, NULL),
('Vése', 'Somogy', NULL, NULL),
('Veszkény', 'Győr-Moson-Sopron', NULL, NULL),
('Veszprém', 'Veszprém', NULL, NULL),
('Veszprémfajsz', 'Veszprém', NULL, NULL),
('Veszprémgalsa', 'Veszprém', NULL, NULL),
('Veszprémvarsány', 'Győr-Moson-Sopron', NULL, NULL),
('Vésztő', 'Békés', NULL, NULL),
('Vezseny', 'Jász-Nagykun-Szolnok', NULL, NULL),
('Vid', 'Veszprém', NULL, NULL),
('Vigántpetend', 'Veszprém', NULL, NULL),
('Villány', 'Baranya', NULL, NULL),
('Villánykövesd', 'Baranya', NULL, NULL),
('Vilmány', 'Borsod-Abaúj-Zemplén', NULL, NULL),
('Vilonya', 'Veszprém', NULL, NULL),
('Vilyvitány', 'Borsod-Abaúj-Zemplén', NULL, NULL),
('Vinár', 'Veszprém', NULL, NULL),
('Vindornyafok', 'Zala', NULL, NULL),
('Vindornyalak', 'Zala', NULL, NULL),
('Vindornyaszőlős', 'Zala', NULL, NULL),
('Visegrád', 'Pest', NULL, NULL),
('Visnye', 'Somogy', NULL, NULL),
('Visonta', 'Heves', NULL, NULL),
('Viss', 'Borsod-Abaúj-Zemplén', NULL, NULL),
('Visz', 'Somogy', NULL, NULL),
('Viszák', 'Vas', NULL, NULL),
('Viszló', 'Borsod-Abaúj-Zemplén', NULL, NULL),
('Visznek', 'Heves', NULL, NULL),
('Vitnyéd', 'Győr-Moson-Sopron', NULL, NULL),
('Vizslás', 'Nógrád', NULL, NULL),
('Vizsoly', 'Borsod-Abaúj-Zemplén', NULL, NULL),
('Vízvár', 'Somogy', NULL, NULL),
('Vokány', 'Baranya', NULL, NULL),
('Vonyarcvashegy', 'Zala', NULL, NULL),
('Vöckönd', 'Zala', NULL, NULL),
('Völcsej', 'Győr-Moson-Sopron', NULL, NULL),
('Vönöck', 'Vas', NULL, NULL),
('Vöröstó', 'Veszprém', NULL, NULL),
('Vörs', 'Somogy', NULL, NULL),
('Zabar', 'Nógrád', NULL, NULL),
('Zádor', 'Baranya', NULL, NULL),
('Zádorfalva', 'Borsod-Abaúj-Zemplén', NULL, NULL),
('Zagyvarékas', 'Jász-Nagykun-Szolnok', NULL, NULL),
('Zagyvaszántó', 'Heves', NULL, NULL),
('Záhony', 'Szabolcs-Szatmár-Bereg', NULL, NULL),
('Zajk', 'Zala', NULL, NULL),
('Zajta', 'Szabolcs-Szatmár-Bereg', NULL, NULL),
('Zákány', 'Somogy', NULL, NULL),
('Zákányfalu', 'Somogy', NULL, NULL),
('Zákányszék', 'Csongrád', NULL, NULL),
('Zala', 'Somogy', NULL, NULL),
('Zalaapáti', 'Zala', NULL, NULL),
('Zalabaksa', 'Zala', NULL, NULL),
('Zalabér', 'Zala', NULL, NULL),
('Zalaboldogfa', 'Zala', NULL, NULL),
('Zalacsány', 'Zala', NULL, NULL),
('Zalacséb', 'Zala', NULL, NULL),
('Zalaegerszeg', 'Zala', NULL, NULL),
('Zalaerdőd', 'Veszprém', NULL, NULL),
('Zalagyömörő', 'Veszprém', NULL, NULL),
('Zalahaláp', 'Veszprém', NULL, NULL),
('Zalaháshágy', 'Zala', NULL, NULL),
('Zalaigrice', 'Zala', NULL, NULL),
('Zalaistvánd', 'Zala', NULL, NULL),
('Zalakaros', 'Zala', NULL, NULL),
('Zalakomár', 'Zala', NULL, NULL),
('Zalaköveskút', 'Zala', NULL, NULL),
('Zalalövő', 'Zala', NULL, NULL),
('Zalameggyes', 'Veszprém', NULL, NULL),
('Zalamerenye', 'Zala', NULL, NULL),
('Zalasárszeg', 'Zala', NULL, NULL),
('Zalaszabar', 'Zala', NULL, NULL),
('Zalaszántó', 'Zala', NULL, NULL),
('Zalaszegvár', 'Veszprém', NULL, NULL),
('Zalaszentbalázs', 'Zala', NULL, NULL),
('Zalaszentgrót', 'Zala', NULL, NULL),
('Zalaszentgyörgy', 'Zala', NULL, NULL),
('Zalaszentiván', 'Zala', NULL, NULL),
('Zalaszentjakab', 'Zala', NULL, NULL),
('Zalaszentlászló', 'Zala', NULL, NULL),
('Zalaszentlőrinc', 'Zala', NULL, NULL),
('Zalaszentmárton', 'Zala', NULL, NULL),
('Zalaszentmihály', 'Zala', NULL, NULL),
('Zalaszombatfa', 'Zala', NULL, NULL),
('Zaláta', 'Baranya', NULL, NULL),
('Zalatárnok', 'Zala', NULL, NULL),
('Zalaújlak', 'Zala', NULL, NULL),
('Zalavár', 'Zala', NULL, NULL),
('Zalavég', 'Zala', NULL, NULL),
('Zalkod', 'Borsod-Abaúj-Zemplén', NULL, NULL),
('Zamárdi', 'Somogy', NULL, NULL),
('Zámoly', 'Fejér', NULL, NULL),
('Zánka', 'Veszprém', NULL, NULL),
('Zaránk', 'Heves', NULL, NULL),
('Závod', 'Tolna', NULL, NULL),
('Zebecke', 'Zala', NULL, NULL),
('Zebegény', 'Pest', NULL, NULL),
('Zemplénagárd', 'Borsod-Abaúj-Zemplén', NULL, NULL),
('Zengővárkony', 'Baranya', NULL, NULL),
('Zichyújfalu', 'Fejér', NULL, NULL),
('Zics', 'Somogy', NULL, NULL),
('Ziliz', 'Borsod-Abaúj-Zemplén', NULL, NULL),
('Zimány', 'Somogy', NULL, NULL),
('Zirc', 'Veszprém', NULL, NULL),
('Zók', 'Baranya', NULL, NULL),
('Zomba', 'Tolna', NULL, NULL),
('Zsadány', 'Békés', NULL, NULL),
('Zsáka', 'Hajdú-Bihar', NULL, NULL),
('Zsámbék', 'Pest', NULL, NULL),
('Zsámbok', 'Pest', NULL, NULL),
('Zsana', 'Bács-Kiskun', NULL, NULL),
('Zsarolyán', 'Szabolcs-Szatmár-Bereg', NULL, NULL),
('Zsebeháza', 'Győr-Moson-Sopron', NULL, NULL),
('Zsédeny', 'Vas', NULL, NULL),
('Zselickisfalud', 'Somogy', NULL, NULL),
('Zselickislak', 'Somogy', NULL, NULL),
('Zselicszentpál', 'Somogy', NULL, NULL),
('Zsennye', 'Vas', NULL, NULL),
('Zsira', 'Győr-Moson-Sopron', NULL, NULL),
('Zsombó', 'Csongrád', NULL, NULL),
('Zsujta', 'Borsod-Abaúj-Zemplén', NULL, NULL),
('Zsurk', 'Szabolcs-Szatmár-Bereg', NULL, NULL),
('Zubogy', 'Borsod-Abaúj-Zemplén', NULL, NULL);

--
-- Indexek a kiírt táblákhoz
--

--
-- A tábla indexei `felhasznalok`
--
ALTER TABLE `felhasznalok`
  ADD PRIMARY KEY (`Id`),
  ADD UNIQUE KEY `LoginNev` (`LoginNev`),
  ADD UNIQUE KEY `Email` (`Email`),
  ADD KEY `Jog` (`PermissionId`);

--
-- A tábla indexei `foglalasok`
--
ALTER TABLE `foglalasok`
  ADD PRIMARY KEY (`foglalas_id`),
  ADD KEY `ingatlan_id` (`ingatlan_id`),
  ADD KEY `berlo_id` (`berlo_id`);

--
-- A tábla indexei `ingatlankepek`
--
ALTER TABLE `ingatlankepek`
  ADD PRIMARY KEY (`kep_id`),
  ADD KEY `ingatlan_id` (`ingatlan_id`);

--
-- A tábla indexei `ingatlanok`
--
ALTER TABLE `ingatlanok`
  ADD PRIMARY KEY (`ingatlan_id`),
  ADD KEY `ingatlanok_ibfk_1` (`tulajdonos_id`);

--
-- A tábla indexei `jogosultsagok`
--
ALTER TABLE `jogosultsagok`
  ADD PRIMARY KEY (`jogosultsag_id`),
  ADD UNIQUE KEY `jogosultsag_nev` (`jogosultsag_nev`);

--
-- A tábla indexei `szerepkorjogosultsagok`
--
ALTER TABLE `szerepkorjogosultsagok`
  ADD PRIMARY KEY (`szerepkor_id`,`jogosultsag_id`),
  ADD KEY `jogosultsag_id` (`jogosultsag_id`);

--
-- A tábla indexei `szerepkorok`
--
ALTER TABLE `szerepkorok`
  ADD PRIMARY KEY (`szerepkor_id`),
  ADD UNIQUE KEY `szerepkor_nev` (`szerepkor_nev`);

--
-- A kiírt táblák AUTO_INCREMENT értéke
--

--
-- AUTO_INCREMENT a táblához `felhasznalok`
--
ALTER TABLE `felhasznalok`
  MODIFY `Id` int(11) NOT NULL AUTO_INCREMENT, AUTO_INCREMENT=544;

--
-- AUTO_INCREMENT a táblához `foglalasok`
--
ALTER TABLE `foglalasok`
  MODIFY `foglalas_id` int(11) NOT NULL AUTO_INCREMENT, AUTO_INCREMENT=403;

--
-- AUTO_INCREMENT a táblához `ingatlankepek`
--
ALTER TABLE `ingatlankepek`
  MODIFY `kep_id` int(11) NOT NULL AUTO_INCREMENT, AUTO_INCREMENT=105;

--
-- AUTO_INCREMENT a táblához `ingatlanok`
--
ALTER TABLE `ingatlanok`
  MODIFY `ingatlan_id` int(11) NOT NULL AUTO_INCREMENT, AUTO_INCREMENT=141;

--
-- AUTO_INCREMENT a táblához `jogosultsagok`
--
ALTER TABLE `jogosultsagok`
  MODIFY `jogosultsag_id` int(11) NOT NULL AUTO_INCREMENT, AUTO_INCREMENT=76;

--
-- AUTO_INCREMENT a táblához `szerepkorok`
--
ALTER TABLE `szerepkorok`
  MODIFY `szerepkor_id` int(11) NOT NULL AUTO_INCREMENT, AUTO_INCREMENT=4;

--
-- Megkötések a kiírt táblákhoz
--

--
-- Megkötések a táblához `felhasznalok`
--
ALTER TABLE `felhasznalok`
  ADD CONSTRAINT `felhasznalok_ibfk_1` FOREIGN KEY (`PermissionId`) REFERENCES `szerepkorok` (`szerepkor_id`) ON DELETE CASCADE ON UPDATE CASCADE;

--
-- Megkötések a táblához `foglalasok`
--
ALTER TABLE `foglalasok`
  ADD CONSTRAINT `foglalasok_ibfk_1` FOREIGN KEY (`ingatlan_id`) REFERENCES `ingatlanok` (`ingatlan_id`) ON DELETE CASCADE,
  ADD CONSTRAINT `foglalasok_ibfk_2` FOREIGN KEY (`berlo_id`) REFERENCES `felhasznalok` (`Id`) ON DELETE CASCADE ON UPDATE CASCADE;

--
-- Megkötések a táblához `ingatlankepek`
--
ALTER TABLE `ingatlankepek`
  ADD CONSTRAINT `ingatlankepek_ibfk_1` FOREIGN KEY (`ingatlan_id`) REFERENCES `ingatlanok` (`ingatlan_id`) ON DELETE CASCADE;

--
-- Megkötések a táblához `ingatlanok`
--
ALTER TABLE `ingatlanok`
  ADD CONSTRAINT `ingatlanok_ibfk_1` FOREIGN KEY (`tulajdonos_id`) REFERENCES `felhasznalok` (`Id`) ON DELETE CASCADE ON UPDATE CASCADE;

--
-- Megkötések a táblához `szerepkorjogosultsagok`
--
ALTER TABLE `szerepkorjogosultsagok`
  ADD CONSTRAINT `szerepkorjogosultsagok_ibfk_1` FOREIGN KEY (`szerepkor_id`) REFERENCES `szerepkorok` (`szerepkor_id`) ON DELETE CASCADE,
  ADD CONSTRAINT `szerepkorjogosultsagok_ibfk_2` FOREIGN KEY (`jogosultsag_id`) REFERENCES `jogosultsagok` (`jogosultsag_id`) ON DELETE CASCADE;
COMMIT;

/*!40101 SET CHARACTER_SET_CLIENT=@OLD_CHARACTER_SET_CLIENT */;
/*!40101 SET CHARACTER_SET_RESULTS=@OLD_CHARACTER_SET_RESULTS */;
/*!40101 SET COLLATION_CONNECTION=@OLD_COLLATION_CONNECTION */;
